Round #	Coordinates	URL	panoId	Country / department / autonomous region	Effective country (streaks)	Hemisphere	Discernible solar azimuth?	Solar azimuth N/S	Discernible shadow direction?	Rift(s)?	Discernible Google car/blur?	Google car description	Discernible camera generation?	Camera generation	Other motor vehicle(s)?	Follow car	License plate(s)?	Discernible driving side?	Driving side	Country driving side	Road material	Road direction?	Curb(s)?	Visible road markings?	Raised pavement marker(s)?	Rumble strips?	Manhole cover(s)?	Storm drains?	Outer road line(s)	Center road line (s)	Utility pole(s)?	Bollards / delineator posts?	Chevron sign(s)?	Chevron sign(s) description	Object marker sign(s)?	Stop sign front?	Stop sign back?	Sign fronts?	Sign backs?	Sign posts?	Guardrail(s)?	Crosswalk?	Crosswalk sign front?	Fire hydrant?	Fence(s)?	Readable domain name(s)?	Domain name(s)	URL with domain name(s)	Area code(s)?	Area code digits	Flag(s)?	Trees/ grass/ vegetation?	Hills/ mountains?	Dirt/ soil?	Water?	Snow?	Buildings/ roofs?	Wall(s)?	Person(s)?	Animal(s)?	Animal(s) description	Writing?	Writing / language / text / scripts on signs etc.	Image capture date	Copyright watermark?	Copyright year	Comments	Challenge link	imageWidth	imageHeight	date_iso	heading	tilt
1	-1.2531139, 36.8713292	https://www.google.com/maps/@-1.2531139,36.8713292,3a,90y,12.67h,90t/data=!3m7!1e1!3m5!1swbCDS9DVfAoz8MU6yD1KzA!2e0!6shttps:%2F%2Fstreetviewpixels-pa.googleapis.com%2Fv1%2Fthumbnail%3Fcb_client%3Dmaps_sv.tactile%26w%3D900%26h%3D600%26pitch%3D0%26panoid%3DwbCDS9DVfAoz8MU6yD1KzA%26yaw%3D12.674894!7i16384!8i8192?entry=ttu&g_ep=EgoyMDI0MTEyNC4xIKXMDSoASAFQAw%3D%3D	wbCDS9DVfAoz8MU6yD1KzA	Kenya	Kenya	Southern	yes	north	yes	no	yes	pickup truck	yes	Gen4	yes	no	yes	yes	left	left	dirt	yes	yes	no	no	no	no	no	None	None	yes	no	no	n/a	no	no	no	yes	yes	no	no	no	no	no	yes	no	n/a	n/a	yes	708, 736	no	yes	no	yes	no	no	yes	yes	yes	no	n/a	yes	"English & Swahili (""PESA"", ""Nunua prepaid tokens hapa"", etc.) "	2021-08-01	yes	2024	Urban Nairobi round, water tanks, no snorkel since it's Gen 4	https://www.geoguessr.com/challenge/BMahKxxbHEjDu4oT	16384	8192	2021-08	12.674894	0.0
2	-3.8075677, -80.5057226	https://www.google.com/maps/@-3.8075677,-80.5057226,3a,90y,223.76h,90.73t/data=!3m7!1e1!3m5!1sfA94fDokEOnJ4E3N2dml5g!2e0!6shttps:%2F%2Fstreetviewpixels-pa.googleapis.com%2Fv1%2Fthumbnail%3Fcb_client%3Dmaps_sv.tactile%26w%3D900%26h%3D600%26pitch%3D-0.734375%26panoid%3DfA94fDokEOnJ4E3N2dml5g%26yaw%3D223.75931!7i13312!8i6656?entry=ttu&g_ep=EgoyMDI0MTEyNC4xIKXMDSoASAFQAw%3D%3D	fA94fDokEOnJ4E3N2dml5g	Peru	Peru	Southern	yes	north	yes	no	yes	white sedan, blur	yes	Gen3	no	no	no	no	?	right	dirt	yes	no	no	no	no	no	no	None	None	yes	no	no	n/a	no	no	no	yes	yes	yes	no	no	no	no	yes	no	n/a	n/a	no	n/a	no	yes	yes	yes	no	no	yes	yes	yes	yes	cows	yes	"Spanish (""GOBIERNO REGIONAL"")"	2013-05-01	yes	2024	Cow, Christian church		13312	6656	2013-05	223.75931	-0.734375
3	-28.9006718, 115.5158981	https://www.google.com/maps/@-28.9006718,115.5158981,3a,90y,24.5h,90t/data=!3m7!1e1!3m5!1sIsSxoZXH63tLGRr2at6vXA!2e0!6shttps:%2F%2Fstreetviewpixels-pa.googleapis.com%2Fv1%2Fthumbnail%3Fcb_client%3Dmaps_sv.tactile%26w%3D900%26h%3D600%26pitch%3D0%26panoid%3DIsSxoZXH63tLGRr2at6vXA%26yaw%3D24.50426!7i16384!8i8192?entry=ttu&g_ep=EgoyMDI0MTEyNC4xIKXMDSoASAFQAw%3D%3D	IsSxoZXH63tLGRr2at6vXA	Australia	Australia	Southern	yes	south	yes	no	yes	red sedan, shadow	yes	Gen4	no	no	no	no	?	left	asphalt	yes	no	no	no	no	no	no	None	None	yes	yes	yes	black & white	no	no	no	yes	no	yes	no	no	no	no	yes	no	n/a	n/a	no	n/a	no	yes	no	yes	no	no	yes	no	no	no	n/a	yes	"English (""COALSEAM RD"")"	2023-10-01	yes	2024			16384	8192	2023-10	24.50426	0.0
4	-33.7154021, 149.8648824	https://www.google.com/maps/@-33.7154034,149.8648915,3a,90y,302.97h,90t/data=!3m7!1e1!3m5!1sqp_qcprTqAwz2snulnBqSA!2e0!6shttps:%2F%2Fstreetviewpixels-pa.googleapis.com%2Fv1%2Fthumbnail%3Fcb_client%3Dmaps_sv.tactile%26w%3D900%26h%3D600%26pitch%3D0%26panoid%3Dqp_qcprTqAwz2snulnBqSA%26yaw%3D302.97464!7i16384!8i8192?entry=ttu&g_ep=EgoyMDI1MDgyNC4wIKXMDSoASAFQAw%3D%3D	qp_qcprTqAwz2snulnBqSA	Australia	Australia	Southern	yes	north	no	no	yes	blur	yes	Gen4	yes	no	yes	yes	left	left	asphalt	yes	yes	no	no	no	yes	yes	None	None	yes	no	no	n/a	no	no	no	yes	yes	yes	no	no	no	no	yes	no	n/a	n/a	no	n/a	no	yes	yes	yes	no	no	yes	yes	no	no	n/a	no	n/a	2022-07-01	yes	2022	Bike trail sign		16384	8192	2022-07	302.97464	0.0
5	49.127903, 22.1139604	https://www.google.com/maps/@49.127903,22.1139604,3a,90y,250.78h,90t/data=!3m7!1e1!3m5!1sX4pnlpH-I7uagsryosFVTw!2e0!6shttps:%2F%2Fstreetviewpixels-pa.googleapis.com%2Fv1%2Fthumbnail%3Fcb_client%3Dmaps_sv.tactile%26w%3D900%26h%3D600%26pitch%3D0%26panoid%3DX4pnlpH-I7uagsryosFVTw%26yaw%3D250.78235!7i16384!8i8192?entry=ttu&g_ep=EgoyMDI0MTEyNC4xIKXMDSoASAFQAw%3D%3D	X4pnlpH-I7uagsryosFVTw	Slovakia	Slovakia	Northern	yes	south	no	no	yes	blue, antenna	yes	Gen4	no	no	no	yes	right	right	asphalt	yes	no	yes	no	no	no	no	Solid white	dashed white	yes	yes	yes	far away, red & white	no	no	no	yes	no	yes	no	no	no	no	yes	no	n/a	n/a	no	n/a	no	yes	yes	yes	no	no	no	no	no	yes	bird on wire	no	n/a	2021-09-01	yes	2022	Mowed grass shoulder		16384	8192	2021-09	250.78235	0.0
1	18.2713317, 98.3969706	https://www.google.com/maps/@18.2713992,98.3969045,3a,15y,167.49h,87.35t/data=!3m7!1e1!3m5!1seDkJuP1vh7TJ290Z0KiS_w!2e0!6shttps:%2F%2Fstreetviewpixels-pa.googleapis.com%2Fv1%2Fthumbnail%3Fcb_client%3Dmaps_sv.tactile%26w%3D900%26h%3D600%26pitch%3D2.6487145255181446%26panoid%3DeDkJuP1vh7TJ290Z0KiS_w%26yaw%3D167.48720135143125!7i16384!8i8192?entry=ttu&g_ep=EgoyMDI0MTEyNC4xIKXMDSoASAFQAw%3D%3D	eDkJuP1vh7TJ290Z0KiS_w	Thailand	Thailand	Northern	yes	north	no	no	yes	blue, not antenna	yes	Gen4	yes	no	no	yes	left	left	asphalt?	yes	no	yes	no	no	no	no	Solid white	yellow	yes	yes	yes	black & yellow	no	no	yes	yes	yes	yes	no	no	no	no	yes	no	n/a	n/a	no	n/a	yes	yes	yes	yes	yes	no	yes	yes	no	no	n/a	yes	Thai abugida, English	2022-07-01	yes	2022	Chevron signs, Thai flags	https://www.geoguessr.com/challenge/j4yL7QIAPhaTRLdG	16384	8192	2022-07	167.48720135143125	2.6487145255181446
2	27.1402933, 90.0708557	https://www.google.com/maps/@27.1402933,90.0708557,3a,90y,118.77h,89.1t/data=!3m7!1e1!3m5!1sQBE8OaNutCxEfNFRe3GSEg!2e0!6shttps:%2F%2Fstreetviewpixels-pa.googleapis.com%2Fv1%2Fthumbnail%3Fcb_client%3Dmaps_sv.tactile%26w%3D900%26h%3D600%26pitch%3D0.9011200000000059%26panoid%3DQBE8OaNutCxEfNFRe3GSEg%26yaw%3D118.770935!7i13312!8i6656?entry=ttu&g_ep=EgoyMDI0MTEyNC4xIKXMDSoASAFQAw%3D%3D	QBE8OaNutCxEfNFRe3GSEg	Bhutan	Bhutan	Northern	yes	south	no	no	yes	blur	yes	Gen3	no	no	no	no	?	left	asphalt	yes	yes	no	no	no	no	no	None	None	no	no	no	n/a	no	no	no	yes	yes	yes	yes	no	no	no	no	no	n/a	n/a	no	n/a	no	yes	yes	yes	yes	no	no	yes	no	yes	cows	no	n/a	2013-06-01	yes	2014	Reddish sign, golden tops on bridge crossing		13312	6656	2013-06	118.770935	0.9011200000000059
3	-46.0104902, 168.4564615	https://www.google.com/maps/@-46.0104902,168.4564615,3a,90y,359.7h,92.81t/data=!3m7!1e1!3m5!1sDtJT9gsx57onUZAsVq12dQ!2e0!6shttps:%2F%2Fstreetviewpixels-pa.googleapis.com%2Fv1%2Fthumbnail%3Fcb_client%3Dmaps_sv.tactile%26w%3D900%26h%3D600%26pitch%3D-2.8085899999999953%26panoid%3DDtJT9gsx57onUZAsVq12dQ%26yaw%3D359.69635!7i16384!8i8192?entry=ttu&g_ep=EgoyMDI0MTEyNC4xIKXMDSoASAFQAw%3D%3D	DtJT9gsx57onUZAsVq12dQ	New Zealand	New Zealand	Southern	yes	north	yes	no	yes	blur	yes	Gen4	no	no	no	yes	left	left	asphalt	yes	no	yes	no	no	no	no	None	dotted white	yes	yes	no	n/a	no	no	no	no	yes	yes	no	no	no	no	yes	no	n/a	n/a	no	n/a	no	yes	yes	yes	no	no	yes	yes	no	yes	sheep	no	n/a	2023-09-01	yes	2023	white wood signpost, lots of sheep		16384	8192	2023-09	359.69635	-2.8085899999999953
4	46.5839659, 16.1674828	https://www.google.com/maps/@46.5839659,16.1674828,3a,90y,191.29h,90t/data=!3m7!1e1!3m5!1sAHhNs_0QKTlnrlc-uTnGng!2e0!6shttps:%2F%2Fstreetviewpixels-pa.googleapis.com%2Fv1%2Fthumbnail%3Fcb_client%3Dmaps_sv.tactile%26w%3D900%26h%3D600%26pitch%3D0%26panoid%3DAHhNs_0QKTlnrlc-uTnGng%26yaw%3D191.2938!7i16384!8i8192?entry=ttu&g_ep=EgoyMDI0MTEyNC4xIKXMDSoASAFQAw%3D%3D	AHhNs_0QKTlnrlc-uTnGng	Slovenia	Slovenia	Northern	yes	south	yes	no	yes	small blur	yes	Gen4	yes	no	yes	yes	right	right	asphalt	yes	no	no	no	no	no	no	None	None	yes	no	no	n/a	no	no	no	yes	yes	yes	no	no	no	yes	yes	no	n/a	n/a	no	n/a	no	yes	no	yes	no	no	yes	yes	no	no	n/a	yes	German on bags	2023-08-01	yes	2023	red fire hydrant		16384	8192	2023-08	191.2938	0.0
5	17.7534623, -64.733313	https://www.google.com/maps/@17.7534623,-64.733313,3a,90y,110.63h,98.21t/data=!3m7!1e1!3m5!1s5YHf22EHlv6tvOaT_RVNUQ!2e0!6shttps:%2F%2Fstreetviewpixels-pa.googleapis.com%2Fv1%2Fthumbnail%3Fcb_client%3Dmaps_sv.tactile%26w%3D900%26h%3D600%26pitch%3D-8.210235999999995%26panoid%3D5YHf22EHlv6tvOaT_RVNUQ%26yaw%3D110.63378!7i13312!8i6656?entry=ttu&g_ep=EgoyMDI0MTEyNC4xIKXMDSoASAFQAw%3D%3D	5YHf22EHlv6tvOaT_RVNUQ	United States Virgin Islands	United States of America	Northern	yes	south	yes	no	yes	red pickup truck with roof rack	yes	Gen3	yes	no	yes	no	?	right	asphalt/gravel?	yes	no	no	no	no	no	no	None	None	yes	no	no	n/a	no	no	no	no	no	no	no	no	no	no	yes	no	n/a	n/a	no	n/a	no	yes	yes	yes	no	no	yes	yes	no	no	n/a	no	n/a	2016-09-01	yes	2017			13312	6656	2016-09	110.63378	-8.210235999999995
1	32.6681554, 35.0548109	https://www.google.com/maps/@32.6681554,35.0548109,3a,90y,216.74h,84.92t/data=!3m7!1e1!3m5!1sk_F5lj-2V2YGxPE1IvJ35Q!2e0!6shttps:%2F%2Fstreetviewpixels-pa.googleapis.com%2Fv1%2Fthumbnail%3Fcb_client%3Dmaps_sv.tactile%26w%3D900%26h%3D600%26pitch%3D5.084389999999999%26panoid%3Dk_F5lj-2V2YGxPE1IvJ35Q%26yaw%3D216.73976!7i13312!8i6656?entry=ttu&g_ep=EgoyMDI0MTEyNC4xIKXMDSoASAFQAw%3D%3D	k_F5lj-2V2YGxPE1IvJ35Q	Israel	Israel	Northern	yes	south	yes	no	yes	blur	yes	Gen3	yes	no	yes	yes	right	right	asphalt	yes	no	yes	no	no	no	no	Solid yellow	dotted white	no	no	no	n/a	yes	no	no	yes	yes	yes	yes	no	no	no	yes	no	n/a	n/a	no	n/a	no	yes	yes	yes	yes	no	no	no	no	no	n/a	yes	Hebrew	2012-03-01	yes	2013		https://www.geoguessr.com/challenge/ptoCh9yPh5dWT6hI	13312	6656	2012-03	216.73976	5.084389999999999
2	42.4751422, 25.8637335	https://www.google.com/maps/@42.4751542,25.8637516,3a,90y,251.61h,96.73t/data=!3m7!1e1!3m5!1sMUaZnMZ1j1GT9GiJcH4mcQ!2e0!6shttps:%2F%2Fstreetviewpixels-pa.googleapis.com%2Fv1%2Fthumbnail%3Fcb_client%3Dmaps_sv.tactile%26w%3D900%26h%3D600%26pitch%3D-6.725170000000006%26panoid%3DMUaZnMZ1j1GT9GiJcH4mcQ%26yaw%3D251.60559!7i13312!8i6656?entry=ttu&g_ep=EgoyMDI1MTAwOC4wIKXMDSoASAFQAw%3D%3D	MUaZnMZ1j1GT9GiJcH4mcQ	Bulgaria	Bulgaria	Northern	yes	south	yes	no	yes	blue blur	yes	Gen3	yes	no	yes	yes	right	right	asphalt	yes	no	yes	no	no	no	no	Solid white	Solid white	yes	yes	no	n/a	no	no	yes	yes	yes	yes	no	no	no	no	yes	no	n/a	n/a	no	n/a	no	yes	yes	yes	no	no	yes	yes	no	no	n/a	yes	Cyrillic (Bulgarian)	2022-07-01	yes	2022	red-topped stone marker		13312	6656	2025-06	251.60559	-6.725170000000006
3	46.4398393, 2.1156881	https://www.google.com/maps/@46.4398393,2.1156881,3a,90y,322.35h,95.58t/data=!3m7!1e1!3m5!1sjekbYleCFzRlznsP4tRuvg!2e0!6shttps:%2F%2Fstreetviewpixels-pa.googleapis.com%2Fv1%2Fthumbnail%3Fcb_client%3Dmaps_sv.tactile%26w%3D900%26h%3D600%26pitch%3D-5.578749999999999%26panoid%3DjekbYleCFzRlznsP4tRuvg%26yaw%3D322.34753!7i13312!8i6656?entry=ttu&g_ep=EgoyMDI0MTEyNC4xIKXMDSoASAFQAw%3D%3D	jekbYleCFzRlznsP4tRuvg	France	France	Northern	yes	south	yes	no	yes	small blur	yes	Gen3	yes	no	no	no	?	right	asphalt	yes	no	no	no	no	no	no	None	None	yes	yes	no	n/a	no	no	no	no	no	no	no	no	no	no	yes	no	n/a	n/a	no	n/a	no	yes	yes	yes	yes	no	yes	yes	no	yes	horses?	no	n/a	2013-09-01	yes	2019	Lots of French bollards		13312	6656	2013-09	322.34753	-5.578749999999999
4	48.561514, 18.8507422	https://www.google.com/maps/@48.561514,18.8507422,3a,90y,41.87h,93.26t/data=!3m7!1e1!3m5!1s5TBQIxSvKQxQH7UyEnO5Mg!2e0!6shttps:%2F%2Fstreetviewpixels-pa.googleapis.com%2Fv1%2Fthumbnail%3Fcb_client%3Dmaps_sv.tactile%26w%3D900%26h%3D600%26pitch%3D-3.25582%26panoid%3D5TBQIxSvKQxQH7UyEnO5Mg%26yaw%3D41.86836!7i16384!8i8192?entry=ttu&g_ep=EgoyMDI1MDgxOS4wIKXMDSoASAFQAw%3D%3D	5TBQIxSvKQxQH7UyEnO5Mg	Slovakia	Slovakia	Northern	yes	south	yes	no	yes	blue blur, short antenna	yes	Gen4	yes	no	yes	yes	right	right	asphalt	yes	no	yes	no	no	no	no	Solid white	Solid white	yes	yes	no	n/a	no	no	yes	yes	yes	yes	yes	no	no	no	yes	no	n/a	n/a	no	n/a	no	yes	yes	yes	no	no	yes	yes	yes	no	n/a	yes	"English (""MOTOREST / PAUSE"")"	2021-07-01	yes	2022			16384	8192	2021-07	41.86836	-3.25582
5	69.4608173, 25.5122331	https://www.google.com/maps/@69.4608173,25.5122331,3a,90y,148.76h,89.87t/data=!3m7!1e1!3m5!1sZRdXZKJA4oVVR-FegEuELQ!2e0!6shttps:%2F%2Fstreetviewpixels-pa.googleapis.com%2Fv1%2Fthumbnail%3Fcb_client%3Dmaps_sv.tactile%26w%3D900%26h%3D600%26pitch%3D0.13169000000000608%26panoid%3DZRdXZKJA4oVVR-FegEuELQ%26yaw%3D148.75896!7i13312!8i6656?entry=ttu&g_ep=EgoyMDI0MTEyNC4xIKXMDSoASAFQAw%3D%3D	ZRdXZKJA4oVVR-FegEuELQ	Norway	Norway	Northern	yes	south	yes	no	yes	big blue blur	yes	Gen2	yes	no	yes	no	?	right	asphalt	yes	no	no	no	no	no	no	None	None	yes	no	no	n/a	no	no	no	yes	no	yes	no	no	no	no	yes	no	n/a	n/a	no	n/a	no	yes	no	yes	no	no	yes	yes	no	no	n/a	no	n/a	2010-08-01	yes	2024	Dirt on lens? Wheelie bin		13312	6656	2010-08	148.75896	0.13169000000000608
1	58.5659075, -3.2239044	https://www.google.com/maps/@58.5659075,-3.2239044,3a,90y,204.98h,90.38t/data=!3m7!1e1!3m5!1sM_w2GNeY6kPdu1qG_bPG2g!2e0!6shttps:%2F%2Fstreetviewpixels-pa.googleapis.com%2Fv1%2Fthumbnail%3Fcb_client%3Dmaps_sv.tactile%26w%3D900%26h%3D600%26pitch%3D-0.384609999999995%26panoid%3DM_w2GNeY6kPdu1qG_bPG2g%26yaw%3D204.98056!7i16384!8i8192?entry=ttu&g_ep=EgoyMDI1MDgxOS4wIKXMDSoASAFQAw%3D%3D	M_w2GNeY6kPdu1qG_bPG2g	United Kingdom	United Kingdom	Northern	yes	south	yes	no	yes	blueish blur	yes	Gen4	yes	no	yes	no	?	left	asphalt	yes	no	no	no	no	no	no	None	None	yes	no	no	n/a	no	no	no	no	yes	yes	no	no	no	no	yes	no	n/a	n/a	no	n/a	no	yes	yes	yes	no	no	yes	yes	no	yes	cows	no	n/a	2021-09-01	yes	2021	Cows, sheep, wind turbines in distance	https://www.geoguessr.com/challenge/Ry0dYcuJ3SXmktPX	16384	8192	2021-09	204.98056	-0.384609999999995
2	25.914975, -100.8081696	https://www.google.com/maps/@25.914975,-100.8081696,3a,90y,197.36h,89.82t/data=!3m7!1e1!3m5!1sgQdxVOHBtY5bUF5g8Xcq5Q!2e0!6shttps:%2F%2Fstreetviewpixels-pa.googleapis.com%2Fv1%2Fthumbnail%3Fcb_client%3Dmaps_sv.tactile%26w%3D900%26h%3D600%26pitch%3D0.1829800000000006%26panoid%3DgQdxVOHBtY5bUF5g8Xcq5Q%26yaw%3D197.35988!7i13312!8i6656?entry=ttu&g_ep=EgoyMDI0MTIwNC4wIKXMDSoASAFQAw%3D%3D	gQdxVOHBtY5bUF5g8Xcq5Q	Mexico	Mexico	Northern	yes	south	yes	no	yes	blur, short antenna	yes	Gen3	no	no	no	yes	right	right	concrete	yes	no	yes	no	no	no	no	Solid white	Solid yellow	yes	yes	no	n/a	no	no	no	no	no	no	no	no	no	no	no	no	n/a	n/a	no	n/a	no	yes	yes	yes	yes	no	yes	yes	no	no	n/a	no	n/a	2019-03-01	yes	2020	Pine trees, hills, square concrete posts (bollards?)		13312	6656	2019-03	197.35988	0.1829800000000006
3	-34.7573219, -65.2571465	https://www.google.com/maps/@-34.7573219,-65.2571465,3a,90y,269.26h,90.4t/data=!3m7!1e1!3m5!1sxRFwb1RJZDPTpkV1yRjPiQ!2e0!6shttps:%2F%2Fstreetviewpixels-pa.googleapis.com%2Fv1%2Fthumbnail%3Fcb_client%3Dmaps_sv.tactile%26w%3D900%26h%3D600%26pitch%3D-0.40124500000000296%26panoid%3DxRFwb1RJZDPTpkV1yRjPiQ%26yaw%3D269.26318!7i16384!8i8192?entry=ttu&g_ep=EgoyMDI0MTIwNC4wIKXMDSoASAFQAw%3D%3D	xRFwb1RJZDPTpkV1yRjPiQ	Argentina	Argentina	Southern	yes	north	yes	no	yes	reddish blur	yes	Gen4	yes	no	yes	yes	right	right	asphalt	yes	yes	yes	no	no	no	no	Solid white	Solid yellow, double	yes	yes	no	n/a	no	no	no	yes	yes	yes	no	yes	no	no	yes	no	n/a	n/a	no	n/a	no	yes	no	yes	no	no	yes	yes	yes	no	n/a	yes	Spanish	2024-02-01	yes	2024	Argentine concrete poles		16384	8192	2024-02	269.26318	-0.40124500000000296
4	36.8512084, 36.5996007	https://www.google.com/maps/@36.8512084,36.5996007,3a,90y,280.96h,90.84t/data=!3m7!1e1!3m5!1sVYdbfkcYgJXSJBNpv_zmnA!2e0!6shttps:%2F%2Fstreetviewpixels-pa.googleapis.com%2Fv1%2Fthumbnail%3Fcb_client%3Dmaps_sv.tactile%26w%3D900%26h%3D600%26pitch%3D-0.8397800000000046%26panoid%3DVYdbfkcYgJXSJBNpv_zmnA%26yaw%3D280.96436!7i13312!8i6656?entry=ttu&g_ep=EgoyMDI0MTIwNC4wIKXMDSoASAFQAw%3D%3D	VYdbfkcYgJXSJBNpv_zmnA	Turkey	Turkey	Northern	yes	south	yes	no	yes	gray?	yes	Gen3	yes	no	no	yes	right	right	asphalt	yes	no	yes	no	no	no	no	Solid white	dotted white	no	yes	no	n/a	no	no	no	no	no	no	no	no	no	no	yes	no	n/a	n/a	no	n/a	no	yes	yes	yes	no	no	yes	yes	no	no	n/a	no	n/a	2015-07-01	yes	2015			13312	6656	2015-07	280.96436	-0.8397800000000046
5	-3.1606415, -60.2352481	https://www.google.com/maps/@-3.1605847,-60.2351353,3a,90y,136.6h,90.56t/data=!3m7!1e1!3m5!1s7p4Faj2suCsgspUJSY7P4Q!2e0!6shttps:%2F%2Fstreetviewpixels-pa.googleapis.com%2Fv1%2Fthumbnail%3Fcb_client%3Dmaps_sv.tactile%26w%3D900%26h%3D600%26pitch%3D-0.556200000000004%26panoid%3D7p4Faj2suCsgspUJSY7P4Q%26yaw%3D136.5969!7i16384!8i8192?entry=ttu&g_ep=EgoyMDI1MTAwOC4wIKXMDSoASAFQAw%3D%3D	7p4Faj2suCsgspUJSY7P4Q	Brazil	Brazil	Southern	yes	south	yes	no	yes	red, short antenna	yes	Gen4	yes	no	yes	yes	right	right	asphalt	yes	no	yes	yes	yes	no	no	None	dotted yellow and solid yellow	yes	no	no	n/a	no	no	no	yes	no	yes	no	no	no	no	yes	no	n/a	n/a	yes	hard to read	no	yes	yes	yes	no	no	yes	yes	no	no	n/a	yes	Portuguese	2015-01-01	yes	2019	Rift in sky, reddish soil, center line reflectors, water tanks?		16384	8192	2024-07	136.5969	-0.556200000000004
1	33.388335, 126.8010982	https://www.google.com/maps/@33.388335,126.8010982,3a,90y,177.73h,86.04t/data=!3m7!1e1!3m5!1skXxycYrHiPkunmbbHbsSGQ!2e0!6shttps:%2F%2Fstreetviewpixels-pa.googleapis.com%2Fv1%2Fthumbnail%3Fcb_client%3Dmaps_sv.tactile%26w%3D900%26h%3D600%26pitch%3D3.9593399999999974%26panoid%3DkXxycYrHiPkunmbbHbsSGQ%26yaw%3D177.73297!7i13312!8i6656?entry=ttu&g_ep=EgoyMDI1MDcyOC4wIKXMDSoASAFQAw%3D%3D	kXxycYrHiPkunmbbHbsSGQ	South Korea	South Korea	Northern	yes	south	yes	no	yes	blur	yes	Gen3	yes	no	yes	yes	right	right	asphalt	yes	yes	yes	no	no	no	no	Solid white	yellow (faint)	yes	yes	no	n/a	no	no	no	yes	no	yes	no	yes	no	yes	yes	no	n/a	n/a	no	n/a	no	yes	yes	yes	no	no	yes	yes	yes	no	n/a	yes	Korean	2018-10-01	yes	2024	Rock walls (distinctive to Jeju)	https://www.geoguessr.com/challenge/ecZDyBFbs2S50dVN	13312	6656	2018-10	177.73297	3.9593399999999974
2	19.2660739, -103.752579	https://www.google.com/maps/@19.2660739,-103.752579,3a,90y,25.85h,90.11t/data=!3m7!1e1!3m5!1shG378Pd5Z1n4IthqowzgTA!2e0!6shttps:%2F%2Fstreetviewpixels-pa.googleapis.com%2Fv1%2Fthumbnail%3Fcb_client%3Dmaps_sv.tactile%26w%3D900%26h%3D600%26pitch%3D-0.10997999999999308%26panoid%3DhG378Pd5Z1n4IthqowzgTA%26yaw%3D25.84567!7i13312!8i6656?entry=ttu&g_ep=EgoyMDI1MDEwMi4wIKXMDSoASAFQAw%3D%3D	hG378Pd5Z1n4IthqowzgTA	Mexico	Mexico	Northern	yes	south	yes	no	yes	blur, stubby antenna	yes	Gen3	yes	no	yes	yes	right	right	asphalt	yes	yes	no	no	no	no	no	None	None	yes	no	no	n/a	no	no	no	yes	yes	yes	no	no	no	no	yes	no	n/a	n/a	yes	312	no	yes	yes	yes	no	no	yes	yes	no	no	n/a	yes	Spanish	2015-03-01	yes	2019	Octagonal poles, taxi, water tanks, satellite dishes		13312	6656	2015-03	25.84567	-0.10997999999999308
3	19.3630835, -101.9230305	https://www.google.com/maps/@19.3630661,-101.92306,3a,90y,151.25h,90.53t/data=!3m7!1e1!3m5!1slYMmsh0RwfCu3FE-DnOg6w!2e0!6shttps:%2F%2Fstreetviewpixels-pa.googleapis.com%2Fv1%2Fthumbnail%3Fcb_client%3Dmaps_sv.tactile%26w%3D900%26h%3D600%26pitch%3D-0.5306549999999959%26panoid%3DlYMmsh0RwfCu3FE-DnOg6w%26yaw%3D151.25209!7i16384!8i8192?entry=ttu&g_ep=EgoyMDI1MTAwOC4wIKXMDSoASAFQAw%3D%3D	lYMmsh0RwfCu3FE-DnOg6w	Mexico	Mexico	Northern	yes	south	yes	no	yes	bluish blur	yes	Gen4	yes	no	yes	yes	right	right	asphalt	yes	no	yes	no	no	no	no	Solid white	Solid yellow, single/triple	yes	no	no	n/a	no	no	no	yes	yes	yes	yes	no	no	no	yes	no	n/a	n/a	no	n/a	no	yes	yes	yes	no	no	yes	yes	no	no	n/a	yes	"Spanish? (""TARETAN"")"	2022-08-01	yes	2024	Railroad tracks, water tanks, clothes on a clothesline		16384	8192	2024-08	151.25209	-0.5306549999999959
4	58.5080835, 25.339205	https://www.google.com/maps/@58.5080835,25.339205,3a,90y,28.38h,92.76t/data=!3m7!1e1!3m5!1s43enXcO_Df7XX8n0ubjAfg!2e0!6shttps:%2F%2Fstreetviewpixels-pa.googleapis.com%2Fv1%2Fthumbnail%3Fcb_client%3Dmaps_sv.tactile%26w%3D900%26h%3D600%26pitch%3D-2.7648999999999972%26panoid%3D43enXcO_Df7XX8n0ubjAfg%26yaw%3D28.38037!7i13312!8i6656?entry=ttu&g_ep=EgoyMDI1MDEwMi4wIKXMDSoASAFQAw%3D%3D	43enXcO_Df7XX8n0ubjAfg	Estonia	Estonia	Northern	yes	north	yes	no	yes	blur	yes	Gen3	no	no	no	yes	right	right	gravel	yes	no	no	no	no	no	no	None	None	yes	no	no	n/a	no	no	no	yes	no	yes	no	no	no	no	yes	no	n/a	n/a	no	n/a	no	yes	no	yes	no	no	yes	yes	no	no	n/a	yes	"""PIIRI KIVI"""	2011-06-01	yes	2016	Estonian white flowers, trampoline		13312	6656	2011-06	28.38037	-2.7648999999999972
5	17.01189, 120.9187665	https://www.google.com/maps/@17.0118952,120.9187739,3a,90y,353.69h,99.77t/data=!3m7!1e1!3m5!1sNW47AfOmQRCLqEH_EmtjOg!2e0!6shttps:%2F%2Fstreetviewpixels-pa.googleapis.com%2Fv1%2Fthumbnail%3Fcb_client%3Dmaps_sv.tactile%26w%3D900%26h%3D600%26pitch%3D-9.768709999999999%26panoid%3DNW47AfOmQRCLqEH_EmtjOg%26yaw%3D353.68692!7i16384!8i8192?entry=ttu&g_ep=EgoyMDI1MDcyOC4wIKXMDSoASAFQAw%3D%3D	NW47AfOmQRCLqEH_EmtjOg	Philippines	Philippines	Northern	yes	south	yes	no	yes	white sedan, blur	yes	Gen4	no	no	no	yes	right	right	concrete	yes	yes	no	no	no	no	no	None	None	yes	no	no	n/a	no	no	no	no	no	no	yes	no	no	no	no	no	n/a	n/a	no	n/a	no	yes	yes	no	no	no	no	yes	no	no	n/a	no	n/a	2024-02-01	yes	2024	Steep road with stone walls and curb, pipes in wall for runoff?		16384	8192	2024-02	353.68692	-9.768709999999999
1	33.4481948, -112.0738267	https://www.google.com/maps/@33.4481948,-112.0738267,3a,90y,271.71h,89.12t/data=!3m7!1e1!3m5!1sPLyfrhU2hbZJpGlQu-90Sw!2e0!6shttps:%2F%2Fstreetviewpixels-pa.googleapis.com%2Fv1%2Fthumbnail%3Fcb_client%3Dmaps_sv.tactile%26w%3D900%26h%3D600%26pitch%3D0.8806459999999987%26panoid%3DPLyfrhU2hbZJpGlQu-90Sw%26yaw%3D271.7098!7i16384!8i8192?entry=ttu&g_ep=EgoyMDI1MDEwNi4xIKXMDSoASAFQAw%3D%3D	PLyfrhU2hbZJpGlQu-90Sw	United States of America	United States of America	Northern	yes	south	yes	no	yes	whitish blur	yes	Gen4	yes	no	yes	yes	right	right	asphalt	yes	yes	yes	no	no	yes	no	Dotted white	Yellow (varies)	yes	yes	no	n/a	no	no	no	yes	yes	yes	no	yes	no	yes	no	no	n/a	n/a	no	n/a	yes	yes	no	yes	no	no	yes	yes	yes	no	n/a	yes	"English, including ""City of Phoenix"""	2021-02-01	yes	2021	US urban round (Phoenix, AZ)	https://www.geoguessr.com/challenge/WHjNzPj7Bqf4nlXg	16384	8192	2021-02	271.7098	0.8806459999999987
2	19.1299486, -98.6527089	https://www.google.com/maps/@19.1299486,-98.6527089,3a,90y,53.63h,90.52t/data=!3m7!1e1!3m5!1sAcuo7dQrC8QL2bkFphgDdA!2e0!6shttps:%2F%2Fstreetviewpixels-pa.googleapis.com%2Fv1%2Fthumbnail%3Fcb_client%3Dmaps_sv.tactile%26w%3D900%26h%3D600%26pitch%3D-0.515979999999999%26panoid%3DAcuo7dQrC8QL2bkFphgDdA%26yaw%3D53.629467!7i13312!8i6656?entry=ttu&g_ep=EgoyMDI1MDEwNi4xIKXMDSoASAFQAw%3D%3D	Acuo7dQrC8QL2bkFphgDdA	Mexico	Mexico	Northern	yes	south	yes	no	yes	whitish blur	yes	Gen3	yes	no	no	no	?	right	dirt	yes	no	no	no	no	no	no	none	none	no	no	no	n/a	no	no	no	no	no	no	no	no	no	no	yes	no	n/a	n/a	no	n/a	no	yes	yes	yes	no	yes	yes	yes	yes	no	n/a	no	n/a	2013-12-01	yes	2022	very remote		13312	6656	2013-12	53.629467	-0.515979999999999
3	46.7573128, -112.2906152	https://www.google.com/maps/@46.7573128,-112.2906152,3a,90y,277.5h,84.25t/data=!3m7!1e1!3m5!1s8VBQ82GZIHxD0u-hOe9bqA!2e0!6shttps:%2F%2Fstreetviewpixels-pa.googleapis.com%2Fv1%2Fthumbnail%3Fcb_client%3Dmaps_sv.tactile%26w%3D900%26h%3D600%26pitch%3D5.746780000000001%26panoid%3D8VBQ82GZIHxD0u-hOe9bqA%26yaw%3D277.5033!7i13312!8i6656?entry=ttu&g_ep=EgoyMDI1MDEwOC4wIKXMDSoASAFQAw%3D%3D	8VBQ82GZIHxD0u-hOe9bqA	United States of America	United States of America	Northern	yes	south	yes	no	yes	circular blur	yes	Gen2	no	no	no	no	?	right	dirt	yes	no	no	no	no	no	no	none	none	yes	yes	no	n/a	no	no	no	yes	no	yes	no	no	no	no	yes	no	n/a	n/a	no	n/a	no	yes	yes	yes	no	yes	no	no	no	no	n/a	yes	"English: ""PRIVATE ROAD"""	2011-04-01	yes	2021	mountainous and remote		13312	6656	2011-04	277.5033	5.746780000000001
4	12.433788, 105.1692206	https://www.google.com/maps/@12.433788,105.1692206,3a,90y,158.62h,91.27t/data=!3m7!1e1!3m5!1sOdW9kxqgGHUbMCT1Wl21PQ!2e0!6shttps:%2F%2Fstreetviewpixels-pa.googleapis.com%2Fv1%2Fthumbnail%3Fcb_client%3Dmaps_sv.tactile%26w%3D900%26h%3D600%26pitch%3D-1.2701899999999995%26panoid%3DOdW9kxqgGHUbMCT1Wl21PQ%26yaw%3D158.61958!7i13312!8i6656?entry=ttu&g_ep=EgoyMDI1MDEwOC4wIKXMDSoASAFQAw%3D%3D	OdW9kxqgGHUbMCT1Wl21PQ	Cambodia	Cambodia	Northern	yes	south	yes	no	yes	white bumper	yes	Gen3	yes	no	yes	yes	right	right	asphalt	yes	no	yes	no	no	no	no	none	Dotted yellow	yes	no	no	n/a	no	no	no	no	no	no	no	no	no	no	no	no	n/a	n/a	no	n/a	no	yes	no	yes	yes	no	no	no	yes	yes	cows	no	n/a	2013-10-01	yes	2024	Cows		13312	6656	2013-10	158.61958	-1.2701899999999995
5	47.2071737, 10.7923085	https://www.google.com/maps/@47.2071737,10.7923085,3a,90y,256.94h,87.52t/data=!3m7!1e1!3m5!1scspRud5RqTHPl2-FMYvgoQ!2e0!6shttps:%2F%2Fstreetviewpixels-pa.googleapis.com%2Fv1%2Fthumbnail%3Fcb_client%3Dmaps_sv.tactile%26w%3D900%26h%3D600%26pitch%3D2.479460000000003%26panoid%3DcspRud5RqTHPl2-FMYvgoQ%26yaw%3D256.9401!7i16384!8i8192?entry=ttu&g_ep=EgoyMDI1MDEwOC4wIKXMDSoASAFQAw%3D%3D	cspRud5RqTHPl2-FMYvgoQ	Austria	Austria	Northern	yes	south	yes	no	yes	whitish blur	yes	Gen4	no	no	no	no	?	right	asphalt	yes	no	no	no	no	no	no	none	none	yes	yes	no	n/a	no	no	no	no	no	no	yes	no	no	no	no	no	n/a	n/a	no	n/a	no	yes	yes	no	no	yes	yes	yes	no	no	n/a	no	n/a	2021-12-01	yes	2022	Ski lift, red snow pole		16384	8192	2021-12	256.9401	2.479460000000003
1	-33.056771, 138.2783915	https://www.google.com/maps/@-33.056771,138.2783915,3a,90y,183.95h,90t/data=!3m7!1e1!3m5!1sIx_0EGCIyAXWb82LN3sS6g!2e0!6shttps:%2F%2Fstreetviewpixels-pa.googleapis.com%2Fv1%2Fthumbnail%3Fcb_client%3Dmaps_sv.tactile%26w%3D900%26h%3D600%26pitch%3D0%26panoid%3DIx_0EGCIyAXWb82LN3sS6g%26yaw%3D183.94545!7i13312!8i6656?entry=ttu&g_ep=EgoyMDI1MDEyMi4wIKXMDSoASAFQAw%3D%3D	Ix_0EGCIyAXWb82LN3sS6g	Australia	Australia	Southern	yes	north	yes	no	yes	yes, antenna and white/blue	yes	Gen3	yes	no	yes	yes	left	left	asphalt	yes	no	yes	no	no	no	no	solid white	solid white	yes	yes	yes	black and white	yes	no	no	yes	yes	yes	yes	no	no	no	yes	no	n/a	n/a	no	n/a	no	yes	yes	yes	no	no	yes	yes	no	no	n/a	no	n/a	2017-04-01	yes	2017		https://www.geoguessr.com/challenge/NdjWoNTCHn1APsmW	13312	6656	2017-04	183.94545	0.0
2	-41.6969613, -65.1149507	https://www.google.com/maps/@-41.6969613,-65.1149507,3a,90y,270.31h,90.97t/data=!3m7!1e1!3m5!1szwbpTZWZ3DRgmu5iSr1c0A!2e0!6shttps:%2F%2Fstreetviewpixels-pa.googleapis.com%2Fv1%2Fthumbnail%3Fcb_client%3Dmaps_sv.tactile%26w%3D900%26h%3D600%26pitch%3D-0.9722299999999962%26panoid%3DzwbpTZWZ3DRgmu5iSr1c0A%26yaw%3D270.31158!7i13312!8i6656?entry=ttu&g_ep=EgoyMDI1MDEyMi4wIKXMDSoASAFQAw%3D%3D	zwbpTZWZ3DRgmu5iSr1c0A	Argentina	Argentina	Southern	yes	north	no	no	yes	yes, black blur on back	yes	Gen3	no	no	no	yes	right	right	gravel	yes	no	no	no	no	no	no	none	none	yes	no	no	n/a	no	no	no	no	no	no	no	no	no	no	yes	no	n/a	n/a	no	n/a	no	yes	yes	yes	no	no	no	no	no	no	n/a	no	n/a	2014-12-01	yes	2019	Argentina poles		13312	6656	2014-12	270.31158	-0.9722299999999962
3	16.2113432, -91.91982	https://www.google.com/maps/@16.2113432,-91.91982,3a,90y,34.16h,91.07t/data=!3m7!1e1!3m5!1sqGkIszuapjhBpVR5j7xUHw!2e0!6shttps:%2F%2Fstreetviewpixels-pa.googleapis.com%2Fv1%2Fthumbnail%3Fcb_client%3Dmaps_sv.tactile%26w%3D900%26h%3D600%26pitch%3D-1.0695400000000035%26panoid%3DqGkIszuapjhBpVR5j7xUHw%26yaw%3D34.163704!7i13312!8i6656?entry=ttu&g_ep=EgoyMDI1MDEyMi4wIKXMDSoASAFQAw%3D%3D	qGkIszuapjhBpVR5j7xUHw	Mexico	Mexico	Northern	yes	north	yes	no	yes	yes, blur with antenna and slight shadow	yes	Gen3	yes	no	no	yes	right	right	asphalt	yes	no	no	no	no	no	no	none	none	no	no	no	n/a	no	no	no	no	no	no	no	no	no	no	yes	no	n/a	n/a	no	n/a	no	yes	yes	yes	no	no	yes	yes	yes	no	n/a	no	n/a	2013-07-01	yes	2022			13312	6656	2013-07	34.163704	-1.0695400000000035
4	25.0140727, 55.6618496	https://www.google.com/maps/@25.0140727,55.6618496,3a,90y,180.92h,89.98t/data=!3m7!1e1!3m5!1sWyxTYIr7Y4li38Of_IG5pQ!2e0!6shttps:%2F%2Fstreetviewpixels-pa.googleapis.com%2Fv1%2Fthumbnail%3Fcb_client%3Dmaps_sv.tactile%26w%3D900%26h%3D600%26pitch%3D0.015850000000000364%26panoid%3DWyxTYIr7Y4li38Of_IG5pQ%26yaw%3D180.91833!7i13312!8i6656?entry=ttu&g_ep=EgoyMDI1MDEyMi4wIKXMDSoASAFQAw%3D%3D	WyxTYIr7Y4li38Of_IG5pQ	United Arab Emirates	United Arab Emirates	Northern	yes	south	yes	no	yes	white bumper with shadow	yes	Gen3	yes	no	yes	yes	right	right	asphalt	yes	no	yes	no	no	yes	no	solid yellow	dotted yellow	yes	yes	yes	red and white	no	yes	yes	yes	yes	yes	no	no	no	no	yes	no	n/a	n/a	no	n/a	yes	yes	yes	yes	no	no	yes	yes	no	yes	birds	yes	"""STOP"" and Arabic"	2016-02-01	yes	2019	Mosque with minaret		13312	6656	2016-02	180.91833	0.015850000000000364
5	43.3894254, -1.0952258	https://www.google.com/maps/@43.3894254,-1.0952258,3a,90y,79.53h,91.38t/data=!3m7!1e1!3m5!1spj1uUMdsweXysE9IQLTt5A!2e0!6shttps:%2F%2Fstreetviewpixels-pa.googleapis.com%2Fv1%2Fthumbnail%3Fcb_client%3Dmaps_sv.tactile%26w%3D900%26h%3D600%26pitch%3D-1.3760759999999976%26panoid%3Dpj1uUMdsweXysE9IQLTt5A%26yaw%3D79.52862!7i13312!8i6656?entry=ttu&g_ep=EgoyMDI1MDEyMi4wIKXMDSoASAFQAw%3D%3D	pj1uUMdsweXysE9IQLTt5A	France	France	Northern	yes	south	yes	no	yes	whitish blur, rear antenna	yes	Gen3	yes	no	yes	yes	right	right	asphalt	yes	yes	no	no	no	yes	no	none	none	yes	no	no	n/a	no	no	no	no	no	no	no	no	no	no	yes	no	n/a	n/a	no	n/a	no	yes	no	yes	no	no	yes	yes	yes	no	n/a	yes	"""1960"", ""HERRIKO ETXEA"", ""MARIE"" "	2014-04-01	yes	2022	Church with clock tower		13312	6656	2014-04	79.52862	-1.3760759999999976
1	-19.9971097, -52.3001027	https://www.google.com/maps/@-19.9971702,-52.3000637,3a,90y,67.51h,86.82t/data=!3m7!1e1!3m5!1srxXDMWdNIBAoXzt5uFIsgQ!2e0!6shttps:%2F%2Fstreetviewpixels-pa.googleapis.com%2Fv1%2Fthumbnail%3Fcb_client%3Dmaps_sv.tactile%26w%3D900%26h%3D600%26pitch%3D3.1763459999999952%26panoid%3DrxXDMWdNIBAoXzt5uFIsgQ%26yaw%3D67.51224!7i16384!8i8192?entry=ttu&g_ep=EgoyMDI1MTAwOC4wIKXMDSoASAFQAw%3D%3D	rxXDMWdNIBAoXzt5uFIsgQ	Brazil	Brazil	Southern	yes	north	yes	no	yes	bluish blur	yes	Gen4	yes	no	yes	yes	right	right	asphalt	yes	yes	yes	yes	yes	no	no	solid yellow	dotted white	yes	no	no	n/a	no	no	yes	yes	yes	yes	no	no	no	no	yes	no	n/a	n/a	no	n/a	no	yes	yes	yes	no	no	yes	yes	no	no	n/a	yes	"""Chapadao de Sul / Agua clara / RETORNO"""	2024-03-01	yes	2024		https://www.geoguessr.com/challenge/MvwahS29HTJoEqke	16384	8192	2024-03	67.51224	3.1763459999999952
2	39.5842739, -76.5330541	https://www.google.com/maps/@39.5842739,-76.5330541,3a,90y,223.39h,88.1t/data=!3m7!1e1!3m5!1sTLI6IHLmPsURHCSMKR7ykQ!2e0!6shttps:%2F%2Fstreetviewpixels-pa.googleapis.com%2Fv1%2Fthumbnail%3Fcb_client%3Dmaps_sv.tactile%26w%3D900%26h%3D600%26pitch%3D1.8974699999999984%26panoid%3DTLI6IHLmPsURHCSMKR7ykQ%26yaw%3D223.3894!7i16384!8i8192?entry=ttu&g_ep=EgoyMDI1MDEyMi4wIKXMDSoASAFQAw%3D%3D	TLI6IHLmPsURHCSMKR7ykQ	United States of America	United States of America	Northern	yes	south	yes	no	yes	blur, with shadow	yes	Gen4	no	no	no	no	?	right	gravel	yes	no	no	no	no	no	no	none	none	no	no	no	n/a	no	no	no	no	no	no	no	no	no	no	yes	no	n/a	n/a	no	n/a	no	yes	yes	yes	no	no	yes	yes	no	no	n/a	no	n/a	2019-07-01	yes	2019	Difficult round, very few clues		16384	8192	2019-07	223.3894	1.8974699999999984
3	-17.6481162, -47.7791435	https://www.google.com/maps/@-17.6481162,-47.7791435,3a,90y,150.76h,88.87t/data=!3m7!1e1!3m5!1s3Jj5Wk6L_QDmSEe2qEpZmg!2e0!6shttps:%2F%2Fstreetviewpixels-pa.googleapis.com%2Fv1%2Fthumbnail%3Fcb_client%3Dmaps_sv.tactile%26w%3D900%26h%3D600%26pitch%3D1.1269450000000063%26panoid%3D3Jj5Wk6L_QDmSEe2qEpZmg%26yaw%3D150.76161!7i16384!8i8192?entry=ttu&g_ep=EgoyMDI1MDEyMi4wIKXMDSoASAFQAw%3D%3D	3Jj5Wk6L_QDmSEe2qEpZmg	Brazil	Brazil	Southern	yes	north	yes	no	yes	bluish blur	yes	Gen4	yes	no	no	yes	right	right	gravel?	yes	no	no	no	no	no	no	none	none	no	no	no	n/a	no	no	no	no	no	no	no	no	no	no	no	no	n/a	n/a	no	n/a	no	yes	yes	yes	no	no	yes	yes	yes	no	n/a	no	n/a	2021-07-01	yes	2021			16384	8192	2021-07	150.76161	1.1269450000000063
4	-1.061968,-80.2449314	https://www.google.com/maps/@-1.061968,-80.2449314,3a,90y,295.12h,86.04t/data=!3m7!1e1!3m5!1slGVPgMYN8-4IAoz1NBClRw!2e0!6shttps:%2F%2Fstreetviewpixels-pa.googleapis.com%2Fv1%2Fthumbnail%3Fcb_client%3Dmaps_sv.tactile%26w%3D900%26h%3D600%26pitch%3D3.963393999999994%26panoid%3DlGVPgMYN8-4IAoz1NBClRw%26yaw%3D295.1237!7i13312!8i6656?entry=ttu&g_ep=EgoyMDI1MDEyMi4wIKXMDSoASAFQAw%3D%3D	lGVPgMYN8-4IAoz1NBClRw	Ecuador	Ecuador	Southern	yes	north	yes	no	yes	whitish blur, stubby antenna	yes	Gen3	yes	no	yes	yes	right	right	asphalt	yes	yes	no	no	no	yes	no	none	none	yes	no	no	n/a	no	no	no	yes	yes	yes	no	no	no	no	yes	no	n/a	n/a	no	n/a	no	yes	yes	yes	yes	no	yes	yes	yes	yes	birds on street	yes	Spanish	2015-05-01	yes	2019			13312	6656	2015-05	295.1237	3.963393999999994
5	40.6530504, -79.7078345	https://www.google.com/maps/@40.6530504,-79.7078345,3a,90y,10.42h,90.83t/data=!3m7!1e1!3m5!1syBo7lNHvK26IScKHn2dupQ!2e0!6shttps:%2F%2Fstreetviewpixels-pa.googleapis.com%2Fv1%2Fthumbnail%3Fcb_client%3Dmaps_sv.tactile%26w%3D900%26h%3D600%26pitch%3D-0.8313600000000037%26panoid%3DyBo7lNHvK26IScKHn2dupQ%26yaw%3D10.416402!7i13312!8i6656?entry=ttu&g_ep=EgoyMDI1MDEyMi4wIKXMDSoASAFQAw%3D%3D	yBo7lNHvK26IScKHn2dupQ	United States of America	United States of America	Northern	yes	south	yes	no	yes	reddish blur, shadow	yes	Gen3	yes	no	yes	yes	right	right	asphalt	yes	yes	yes	yes	yes	no	yes	solid white	dotted white, solid yellow/black	yes	yes	no	n/a	no	no	yes	yes	yes	yes	no	no	no	no	yes	no	n/a	n/a	yes	724	no	yes	yes	yes	no	no	yes	yes	no	no	n/a	yes	"""SPEED LIMIT 45"", etc."	2015-09-01	yes	2015			13312	6656	2015-09	10.416402	-0.8313600000000037
1	53.2362407, -4.122248	https://www.google.com/maps/@53.2362417,-4.1222501,3a,90y,89.19h,82.8t/data=!3m7!1e1!3m5!1sB6xQuWy4PGQVdhMMkuL6Cw!2e0!6shttps:%2F%2Fstreetviewpixels-pa.googleapis.com%2Fv1%2Fthumbnail%3Fcb_client%3Dmaps_sv.tactile%26w%3D900%26h%3D600%26pitch%3D7.202529999999996%26panoid%3DB6xQuWy4PGQVdhMMkuL6Cw%26yaw%3D89.194214!7i16384!8i8192?entry=ttu&g_ep=EgoyMDI1MTAwOC4wIKXMDSoASAFQAw%3D%3D	B6xQuWy4PGQVdhMMkuL6Cw	United Kingdom	United Kingdom	Northern	yes	south	yes	no	yes	bluish blur	yes	Gen4	yes	no	yes	yes	left	left	asphalt	yes	yes	yes	no	no	yes	yes	solid yellow	dotted white	yes	no	no	n/a	no	no	no	yes	no	yes	no	no	no	no	yes	no	n/a	n/a	yes	1248	no	yes	yes	yes	yes	no	yes	yes	yes	no	n/a	yes	"""TAFARN Y GARTH"", Welsh, English, etc."	2024-08-01	yes	2024		https://www.geoguessr.com/challenge/yUSdRTBQt5ueKTat	16384	8192	2024-08	89.194214	7.202529999999996
2	62.1323017, 42.7915208	https://www.google.com/maps/@62.1323017,42.7915208,3a,15y,47.83h,87.96t/data=!3m7!1e1!3m5!1s0v54hr3luPXv7bxJgBFDRA!2e0!6shttps:%2F%2Fstreetviewpixels-pa.googleapis.com%2Fv1%2Fthumbnail%3Fcb_client%3Dmaps_sv.tactile%26w%3D900%26h%3D600%26pitch%3D2.0421268772699364%26panoid%3D0v54hr3luPXv7bxJgBFDRA%26yaw%3D47.834142039859884!7i16384!8i8192?entry=ttu&g_ep=EgoyMDI1MDEyNy4wIKXMDSoASAFQAw%3D%3D	0v54hr3luPXv7bxJgBFDRA	Russia	Russia	Northern	yes	south	no	no	yes	whitish blur	yes	Gen4	yes	no	yes	yes	right	right	asphalt	yes	no	yes	no	no	no	no	solid white	solid white	yes	yes	no	n/a	no	no	no	yes	yes	yes	no	no	no	no	yes	yes	.de	PacLease.de	no	n/a	no	yes	no	yes	no	no	no	no	no	no	n/a	yes	"""DSV"", ""PacLease.de"", etc."	2021-08-01	yes	2022	Russian bollards, Germain domain name is bait		16384	8192	2021-08	47.834142039859884	2.0421268772699364
3	55.6238149, -2.2972174	https://www.google.com/maps/@55.6238149,-2.2972174,3a,90y,101.63h,86.53t/data=!3m7!1e1!3m5!1syNuWIMYG6_H71n_zu5XsBQ!2e0!6shttps:%2F%2Fstreetviewpixels-pa.googleapis.com%2Fv1%2Fthumbnail%3Fcb_client%3Dmaps_sv.tactile%26w%3D900%26h%3D600%26pitch%3D3.467704999999995%26panoid%3DyNuWIMYG6_H71n_zu5XsBQ%26yaw%3D101.62786!7i16384!8i8192?entry=ttu&g_ep=EgoyMDI1MDEyNy4wIKXMDSoASAFQAw%3D%3D	yNuWIMYG6_H71n_zu5XsBQ	United Kingdom	United Kingdom	Northern	yes	south	yes	no	yes	bluish blur	yes	Gen4	no	no	no	no	?	left	asphalt	yes	no	no	no	no	no	no	none	none	yes	no	no	n/a	no	no	no	yes	no	yes	no	no	no	no	yes	no	n/a	n/a	no	n/a	no	yes	yes	yes	no	no	yes	yes	no	no	n/a	yes	"""Byway"""	2021-08-01	yes	2021			16384	8192	2021-08	101.62786	3.467704999999995
4	31.6487376, 35.1668238	https://www.google.com/maps/@31.6487376,35.1668238,3a,90y,103h,86.89t/data=!3m7!1e1!3m5!1sidNlbdfd9ovRLRrMbs6h9A!2e0!6shttps:%2F%2Fstreetviewpixels-pa.googleapis.com%2Fv1%2Fthumbnail%3Fcb_client%3Dmaps_sv.tactile%26w%3D900%26h%3D600%26pitch%3D3.1103439999999978%26panoid%3DidNlbdfd9ovRLRrMbs6h9A%26yaw%3D102.99622!7i13312!8i6656?entry=ttu&g_ep=EgoyMDI1MDEyOC4wIKXMDSoASAFQAw%3D%3D	idNlbdfd9ovRLRrMbs6h9A	Israel	Israel & the West Bank	Northern	yes	south	yes	no	yes	reddish blur	yes	Gen3	yes	no	yes	yes	right	right	asphalt	yes	no	yes	yes	yes	no	no	solid white	dotted white	yes	no	no	n/a	yes	no	no	yes	no	yes	yes	no	no	no	yes	no	n/a	n/a	no	n/a	no	yes	yes	yes	no	no	yes	yes	no	no	n/a	yes	Arabic	2012-10-01	yes	2019			13312	6656	2012-10	102.99622	3.1103439999999978
5	-9.618069, -75.0124593	https://www.google.com/maps/@-9.6180445,-75.0124455,3a,90y,16.32h,90.19t/data=!3m7!1e1!3m5!1suDeI5evA2Ft-fzD4jm6A5w!2e0!6shttps:%2F%2Fstreetviewpixels-pa.googleapis.com%2Fv1%2Fthumbnail%3Fcb_client%3Dmaps_sv.tactile%26w%3D900%26h%3D600%26pitch%3D-0.18793499999999597%26panoid%3DuDeI5evA2Ft-fzD4jm6A5w%26yaw%3D16.316397!7i16384!8i8192?entry=ttu&g_ep=EgoyMDI1MTAwOC4wIKXMDSoASAFQAw%3D%3D	uDeI5evA2Ft-fzD4jm6A5w	Peru	Peru	Southern	yes	south	no	no	yes	reddish blur	yes	Gen4	yes	no	yes	yes	right	right	asphalt	yes	yes	yes	no	no	no	no	white	dotted white	yes	no	no	n/a	no	yes	yes	yes	yes	yes	no	no	no	no	no	no	n/a	n/a	no	n/a	no	yes	yes	yes	no	no	yes	yes	yes	yes	dog	yes	Spanish	2022-10-01	yes	2023	"""PARE"" stop sign"		16384	8192	2022-10	16.316397	-0.18793499999999597
1	29.4545642, -96.8508892	https://www.google.com/maps/@29.4545642,-96.8508892,3a,90y,254.33h,89.6t/data=!3m7!1e1!3m5!1sZ_9euk1yceEzy3V00dWe1g!2e0!6shttps:%2F%2Fstreetviewpixels-pa.googleapis.com%2Fv1%2Fthumbnail%3Fcb_client%3Dmaps_sv.tactile%26w%3D900%26h%3D600%26pitch%3D0.39825000000000443%26panoid%3DZ_9euk1yceEzy3V00dWe1g%26yaw%3D254.33165!7i16384!8i8192?entry=ttu&g_ep=EgoyMDI1MDEyOS4xIKXMDSoASAFQAw%3D%3D	Z_9euk1yceEzy3V00dWe1g	United States of America	United States of America	Northern	yes	south	yes	no	yes	whitish blur	yes	Gen4	yes	no	yes	yes	right	right	asphalt	yes	no	yes	yes	yes	no	no	solid white	double solid yellow	yes	no	no	n/a	no	no	no	yes	no	yes	no	no	no	no	yes	no	n/a	n/a	no	n/a	yes	yes	yes	yes	yes	no	yes	yes	no	no	n/a	yes	English, but not readable	2023-10-01	yes	2023	Wide Texas road lines, mailbox	https://www.geoguessr.com/challenge/YYN7aY81Oto1uFtI	16384	8192	2023-10	254.33165	0.39825000000000443
2	39.6430126,-76.9926156	https://www.google.com/maps/@39.6430126,-76.9926156,3a,90y,92.73h,90.55t/data=!3m7!1e1!3m5!1saOMOryeeeBhtYj142WhjsA!2e0!6shttps:%2F%2Fstreetviewpixels-pa.googleapis.com%2Fv1%2Fthumbnail%3Fcb_client%3Dmaps_sv.tactile%26w%3D900%26h%3D600%26pitch%3D-0.5549100000000067%26panoid%3DaOMOryeeeBhtYj142WhjsA%26yaw%3D92.72549!7i13312!8i6656?entry=ttu&g_ep=EgoyMDI1MDIwNS4xIKXMDSoASAFQAw%3D%3D	aOMOryeeeBhtYj142WhjsA	United States of America	United States of America	Northern	yes	south	yes	no	yes	blur	yes	Gen3	no	no	no	no	?	right	asphalt	yes	no	yes	no	no	no	no	solid white	double solid yellow	no	no	no	n/a	no	no	no	no	no	no	yes	no	no	no	no	no	n/a	n/a	no	n/a	no	yes	yes	yes	yes	no	no	no	no	no	n/a	no	n/a	2013-08-01	yes	2021			13312	6656	2013-08	92.72549	-0.5549100000000067
3	41.1658908, 20.2439638	https://www.google.com/maps/@41.165884,20.243959,3a,90y,13.02h,92.13t/data=!3m7!1e1!3m5!1selF291xL3hW_JIg7I83Paw!2e0!6shttps:%2F%2Fstreetviewpixels-pa.googleapis.com%2Fv1%2Fthumbnail%3Fcb_client%3Dmaps_sv.tactile%26w%3D900%26h%3D600%26pitch%3D-2.1339949999999988%26panoid%3DelF291xL3hW_JIg7I83Paw%26yaw%3D13.015939!7i13312!8i6656?entry=ttu&g_ep=EgoyMDI1MDcyOC4wIKXMDSoASAFQAw%3D%3D	elF291xL3hW_JIg7I83Paw	Albania	Albania	Northern	yes	south	yes	yes	yes	antennas on front and back?	yes	Gen3	yes	no	yes	yes	right	right	asphalt	yes	yes	yes	no	no	no	no	solid white (faded)	solid white (faded)	yes	yes	yes	black and white	no	no	no	yes	yes	yes	yes	no	no	no	no	no	n/a	n/a	no	n/a	no	yes	yes	yes	yes	no	yes	yes	no	no	n/a	no	n/a	2016-06-01	yes	2024	Sky rifts suggest Albania instead of Italy		13312	6656	2016-06	13.015939	-2.1339949999999988
4	50.8117245, 5.5845147	https://www.google.com/maps/@50.8117245,5.5845147,3a,90y,323.96h,91.69t/data=!3m7!1e1!3m5!1s-Xbw_zk5C5UKNNyx166l2w!2e0!6shttps:%2F%2Fstreetviewpixels-pa.googleapis.com%2Fv1%2Fthumbnail%3Fcb_client%3Dmaps_sv.tactile%26w%3D900%26h%3D600%26pitch%3D-1.6891399999999948%26panoid%3D-Xbw_zk5C5UKNNyx166l2w%26yaw%3D323.95767!7i16384!8i8192?entry=ttu&g_ep=EgoyMDI1MDIxMi4wIKXMDSoASAFQAw%3D%3D	-Xbw_zk5C5UKNNyx166l2w	Belgium	Belgium	Northern	yes	south	yes	no	yes	blur	yes	Gen4	yes	no	yes	no	?	right	asphalt	yes	no	no	no	no	no	no	none	none	no	yes	no	n/a	no	no	no	yes	yes	yes	no	no	no	no	yes	no	n/a	n/a	no	n/a	no	yes	yes	yes	no	no	yes	yes	yes	no	n/a	no	n/a	2019-08-01	yes	2019	Wind turbines		16384	8192	2019-08	323.95767	-1.6891399999999948
5	-33.5028422, 136.4524896	https://www.google.com/maps/@-33.5028422,136.4524896,3a,90y,280.38h,90t/data=!3m7!1e1!3m5!1sSk89NtZ-DtByfcFnfvsFtw!2e0!6shttps:%2F%2Fstreetviewpixels-pa.googleapis.com%2Fv1%2Fthumbnail%3Fcb_client%3Dmaps_sv.tactile%26w%3D900%26h%3D600%26pitch%3D0%26panoid%3DSk89NtZ-DtByfcFnfvsFtw%26yaw%3D280.38483!7i16384!8i8192?entry=ttu&g_ep=EgoyMDI1MDIxMi4wIKXMDSoASAFQAw%3D%3D	Sk89NtZ-DtByfcFnfvsFtw	Australia	Australia	Southern	yes	north	yes	yes	yes	reddish blur	yes	Gen4	no	no	no	yes	left	left	asphalt	yes	no	yes	yes	yes	no	no	solid white with white rumble strips	solid white, dotted and doubled	no	yes	no	n/a	no	no	no	yes	no	yes	no	no	no	no	yes	no	n/a	n/a	no	n/a	no	yes	yes	yes	no	no	no	no	no	no	n/a	no	n/a	2023-08-01	yes	2023	Many eucalyptus trees, white rumble strips distinctively Australian, traffic cones		16384	8192	2023-08	280.38483	0.0
1	25.3217364, 51.385737	https://www.google.com/maps/@25.3217364,51.385737,3a,90y,10.26h,92.05t/data=!3m7!1e1!3m5!1scB4zJ2xH--UHXHxd2WxgNQ!2e0!6shttps:%2F%2Fstreetviewpixels-pa.googleapis.com%2Fv1%2Fthumbnail%3Fcb_client%3Dmaps_sv.tactile%26w%3D900%26h%3D600%26pitch%3D-2.0497000000000014%26panoid%3DcB4zJ2xH--UHXHxd2WxgNQ%26yaw%3D10.25931!7i16384!8i8192?entry=ttu&g_ep=EgoyMDI1MDIxMi4wIKXMDSoASAFQAw%3D%3D	cB4zJ2xH--UHXHxd2WxgNQ	Qatar	Qatar	Northern	yes	south	yes	no	yes	big white truck blur with antenna	yes	Gen4	yes	no	yes	yes	right	right	asphalt	yes	yes	yes	yes	no	no	no	Dotted white	dotted white	yes	yes	no	n/a	no	no	no	yes	yes	yes	no	yes	yes	yes	yes	no	n/a	n/a	no	n/a	yes	yes	no	yes	no	no	yes	yes	yes	yes	birds SW and S	yes	Arabic and English	2022-12-01	yes	2023	Minaret in distance, multiple crosswalks, dumpster	https://www.geoguessr.com/challenge/UOxAq8V2i3oeIbB9	16384	8192	2022-12	10.25931	-2.0497000000000014
2	-8.7142809, 121.7602253	https://www.google.com/maps/@-8.7142809,121.7602253,3a,90y,328.29h,93.46t/data=!3m7!1e1!3m5!1sFA9cIy32TOWR598CQ2dYzQ!2e0!6shttps:%2F%2Fstreetviewpixels-pa.googleapis.com%2Fv1%2Fthumbnail%3Fcb_client%3Dmaps_sv.tactile%26w%3D900%26h%3D600%26pitch%3D-3.462680000000006%26panoid%3DFA9cIy32TOWR598CQ2dYzQ%26yaw%3D328.28537!7i16384!8i8192?entry=ttu&g_ep=EgoyMDI1MDIxMi4wIKXMDSoASAFQAw%3D%3D	FA9cIy32TOWR598CQ2dYzQ	Indonesia	Indonesia	Southern	yes	south	yes	no	yes	blackish blur	yes	Gen4	yes	no	yes	yes	left?	left	asphalt	yes	yes	no	no	no	no	no	none	none	yes	no	no	n/a	no	no	no	no	no	no	yes	no	no	no	no	no	n/a	n/a	no	n/a	yes	yes	yes	yes	yes	no	yes	yes	yes	no	n/a	yes	"English ""NEVER GIVE UP"" / ""black style"""	2022-11-01	yes	2023	radio tower		16384	8192	2022-11	328.28537	-3.462680000000006
3	-20.4050024, -69.6254423	https://www.google.com/maps/@-20.4049792,-69.6254943,3a,90y,311.07h,87.7t/data=!3m7!1e1!3m5!1sgUVcm3SX_PiGNPeZJpKVew!2e0!6shttps:%2F%2Fstreetviewpixels-pa.googleapis.com%2Fv1%2Fthumbnail%3Fcb_client%3Dmaps_sv.tactile%26w%3D900%26h%3D600%26pitch%3D2.2974399999999946%26panoid%3DgUVcm3SX_PiGNPeZJpKVew%26yaw%3D311.06796!7i16384!8i8192?entry=ttu&g_ep=EgoyMDI1MTAwOC4wIKXMDSoASAFQAw%3D%3D	gUVcm3SX_PiGNPeZJpKVew	Chile	Chile	Southern	yes	north	yes	no	yes	whitish blur	yes	Gen4	yes	no	yes	yes	right	right	asphalt	yes	no	yes	yes	no	no	no	solid white	dotted white	no	no	no	n/a	no	no	yes	no	yes	yes	no	no	no	no	yes	no	n/a	n/a	no	n/a	no	yes	yes	yes	no	no	no	no	no	no	n/a	no	n/a	2012-08-01	yes	2019	highway memorial		16384	8192	2024-12	311.06796	2.2974399999999946
4	63.830522,-21.6760283	https://www.google.com/maps/@63.830522,-21.6760283,3a,90y,23.17h,90.52t/data=!3m7!1e1!3m5!1sAyJkLDbOOOhbBXlCSsil4Q!2e0!6shttps:%2F%2Fstreetviewpixels-pa.googleapis.com%2Fv1%2Fthumbnail%3Fcb_client%3Dmaps_sv.tactile%26w%3D900%26h%3D600%26pitch%3D-0.5176539999999932%26panoid%3DAyJkLDbOOOhbBXlCSsil4Q%26yaw%3D23.166155!7i13312!8i6656?entry=ttu&g_ep=EgoyMDI1MDIxMi4wIKXMDSoASAFQAw%3D%3D	AyJkLDbOOOhbBXlCSsil4Q	Iceland	Iceland	Northern	yes	south	no	no	yes	reddish blur with antenna	yes	Gen3	yes	no	yes	yes	right	right	asphalt	yes	no	no	no	no	no	no	none	none	yes	yes	no	n/a	no	no	no	yes	yes	yes	no	no	no	no	yes	no	n/a	n/a	no	n/a	no	yes	yes	yes	yes	no	yes	yes	yes	no	n/a	yes	English?	2013-08-01	yes	2024	mailboxes, cattle grid by gate		13312	6656	2013-08	23.166155	-0.5176539999999932
5	1.5834724,104.2461414	https://www.google.com/maps/@1.5834724,104.2461414,3a,90y,199.02h,91.1t/data=!3m7!1e1!3m5!1s1jutiEPUNExPh7pKol4q7A!2e0!6shttps:%2F%2Fstreetviewpixels-pa.googleapis.com%2Fv1%2Fthumbnail%3Fcb_client%3Dmaps_sv.tactile%26w%3D900%26h%3D600%26pitch%3D-1.0964699999999965%26panoid%3D1jutiEPUNExPh7pKol4q7A%26yaw%3D199.01535!7i13312!8i6656?entry=ttu&g_ep=EgoyMDI1MDIxMi4wIKXMDSoASAFQAw%3D%3D	1jutiEPUNExPh7pKol4q7A	Malaysia	Malaysia	Northern	yes	north	yes	no	yes	blackish blur	yes	Gen3	yes	no	yes	yes	left	left	asphalt	yes	no	yes	no	no	no	no	solid / dotted white	solid white	yes	no	no	n/a	no	no	no	yes	yes	yes	no	no	no	no	no	no	n/a	n/a	yes	+6017	no	yes	yes	yes	no	no	no	no	no	no	n/a	yes	"Malaysian, ""Tiara Desaru"", English ""LIMITED UNITS ONLY"""	2019-04-01	yes	2019			13312	6656	2019-04	199.01535	-1.0964699999999965
1	-8.4521173,118.7260024	https://www.google.com/maps/@-8.4521173,118.7260024,3a,90y,6.42h,90.51t/data=!3m7!1e1!3m5!1sgUevHlXTq5sPmkrOuzuhKg!2e0!6shttps:%2F%2Fstreetviewpixels-pa.googleapis.com%2Fv1%2Fthumbnail%3Fcb_client%3Dmaps_sv.tactile%26w%3D900%26h%3D600%26pitch%3D-0.5142400000000009%26panoid%3DgUevHlXTq5sPmkrOuzuhKg%26yaw%3D6.421549!7i16384!8i8192?entry=ttu&g_ep=EgoyMDI1MDIxNy4wIKXMDSoASAFQAw%3D%3D	gUevHlXTq5sPmkrOuzuhKg	Indonesia	Indonesia	Southern	no	?	no	no	yes	whitish blur	yes	Gen4	yes	no	yes	yes	left	left	asphalt	yes	yes	yes	no	no	no	yes	solid white?	none	yes	no	no	n/a	no	no	no	yes	yes	yes	no	no	no	no	yes	yes	.id	amild.id	yes	0800, 0852	yes	yes	yes	yes	yes	no	yes	yes	yes	no	n/a	yes	"Indonesian, e.g. ""UNTUK JIWA KREATIF"" currency symbol ""RP. 26.000"""	2022-10-01	yes	2022		https://www.geoguessr.com/challenge/eqLnhzgQnYblmUFO	16384	8192	2022-10	6.421549	-0.5142400000000009
2	38.2098927, -0.5082732	https://www.google.com/maps/@38.2098927,-0.5082732,3a,90y,8.7h,89.61t/data=!3m7!1e1!3m5!1szPUF_vcjW-csi-ydsR1UWA!2e0!6shttps:%2F%2Fstreetviewpixels-pa.googleapis.com%2Fv1%2Fthumbnail%3Fcb_client%3Dmaps_sv.tactile%26w%3D900%26h%3D600%26pitch%3D0.391760000000005%26panoid%3DzPUF_vcjW-csi-ydsR1UWA%26yaw%3D8.696242!7i16384!8i8192?entry=ttu&g_ep=EgoyMDI1MDIxNy4wIKXMDSoASAFQAw%3D%3D	zPUF_vcjW-csi-ydsR1UWA	Spain	Spain	Northern	yes	south	yes	no	yes	blurry	yes	Gen4	yes	no	yes	yes	right	right	asphalt	yes	no	yes	no	no	no	no	solid white	none	no	no	no	n/a	no	no	no	yes	yes	yes	no	no	no	no	yes	no	n/a	n/a	no	n/a	no	yes	yes	yes	yes	no	yes	yes	no	yes	birds (e.g. to the W)	yes	Spanish	2023-12-01	yes	2024	Reflectors on side of road		16384	8192	2023-12	8.696242	0.391760000000005
3	-52.1209534, -69.5163004	https://www.google.com/maps/@-52.1209534,-69.5163004,3a,90y,347.42h,91.04t/data=!3m7!1e1!3m5!1sJJP53-0AdD1-SPoHB_155w!2e0!6shttps:%2F%2Fstreetviewpixels-pa.googleapis.com%2Fv1%2Fthumbnail%3Fcb_client%3Dmaps_sv.tactile%26w%3D900%26h%3D600%26pitch%3D-1.0414600000000007%26panoid%3DJJP53-0AdD1-SPoHB_155w%26yaw%3D347.41818!7i13312!8i6656?entry=ttu&g_ep=EgoyMDI1MDIxNy4wIKXMDSoASAFQAw%3D%3D	JJP53-0AdD1-SPoHB_155w	Argentina	Argentina	Southern	yes	north	no	yes	yes	black / red blur	yes	Gen3	yes	no	yes	yes	right	right	asphalt	yes	no	yes	no	no	no	no	solid white	solid yellow	no	no	no	n/a	no	no	no	yes	yes	yes	no	no	no	no	yes	no	n/a	n/a	no	n/a	no	yes	yes	yes	no	no	no	no	no	no	n/a	no	n/a	2014-02-01	yes	2019			13312	6656	2014-02	347.41818	-1.0414600000000007
4	38.0977038, 20.8070255	https://www.google.com/maps/@38.0977038,20.8070255,3a,90y,201.24h,91.05t/data=!3m7!1e1!3m5!1sHNiUF8xveJkNqdjG3hHxAQ!2e0!6shttps:%2F%2Fstreetviewpixels-pa.googleapis.com%2Fv1%2Fthumbnail%3Fcb_client%3Dmaps_sv.tactile%26w%3D900%26h%3D600%26pitch%3D-1.051479999999998%26panoid%3DHNiUF8xveJkNqdjG3hHxAQ%26yaw%3D201.24095!7i16384!8i8192?entry=ttu&g_ep=EgoyMDI1MDIxOS4xIKXMDSoASAFQAw%3D%3D	HNiUF8xveJkNqdjG3hHxAQ	Greece	Greece	Northern	yes	south	yes	no	yes	blur and shadow	yes	Gen4	yes	no	no	yes	right	right	asphalt	yes	yes	no	no	no	yes	no	none	none	yes	yes	no	n/a	no	no	no	no	no	yes	no	no	no	no	yes	no	n/a	n/a	no	n/a	yes	yes	yes	yes	yes	no	yes	yes	no	no	n/a	yes	"""Villa Aiki / Ville Eleni"""	2023-04-01	yes	2023			16384	8192	2023-04	201.24095	-1.051479999999998
5	51.1712917, 28.7124396	https://www.google.com/maps/@51.1712917,28.7124396,3a,90y,25.56h,89.55t/data=!3m7!1e1!3m5!1sp6xF7h2yLaREeOSl9dKSWQ!2e0!6shttps:%2F%2Fstreetviewpixels-pa.googleapis.com%2Fv1%2Fthumbnail%3Fcb_client%3Dmaps_sv.tactile%26w%3D900%26h%3D600%26pitch%3D0.45243000000000677%26panoid%3Dp6xF7h2yLaREeOSl9dKSWQ%26yaw%3D25.564201!7i13312!8i6656?entry=ttu&g_ep=EgoyMDI1MDIxOS4xIKXMDSoASAFQAw%3D%3D	p6xF7h2yLaREeOSl9dKSWQ	Ukraine	Ukraine	Northern	yes	south	yes	no	yes	blur and antenna	yes	Gen3	yes	no	yes	yes	right	right	asphalt	yes	no	yes	no	no	no	no	solid / dotted white	solid / dotted white	no	yes	no	n/a	no	no	no	yes	yes	yes	no	yes	yes	no	no	no	n/a	n/a	no	n/a	no	yes	no	yes	no	no	yes	yes	yes	no	n/a	yes	Cyrillic sign on bus stop, numbers on license plates, otherwise hard to read	2015-06-01	yes	2015	Crosswalk, German-style bollards		13312	6656	2015-06	25.564201	0.45243000000000677
1	32.8909457, 35.410135	https://www.google.com/maps/@32.8909457,35.410135,3a,90y,62.53h,91.41t/data=!3m7!1e1!3m5!1s3xbKtfymJarTpamPTL09SA!2e0!6shttps:%2F%2Fstreetviewpixels-pa.googleapis.com%2Fv1%2Fthumbnail%3Fcb_client%3Dmaps_sv.tactile%26w%3D900%26h%3D600%26pitch%3D-1.4128099999999932%26panoid%3D3xbKtfymJarTpamPTL09SA%26yaw%3D62.525223!7i13312!8i6656?entry=ttu&g_ep=EgoyMDI1MDIxOS4xIKXMDSoASAFQAw%3D%3D	3xbKtfymJarTpamPTL09SA	Israel	Israel & the West Bank	Northern	yes	south	yes	yes	yes	reddish blur and antenna	yes	Gen3	yes	no	yes	yes	right	right	asphalt	yes	yes	yes	no	no	yes	yes	none	dotted white	yes	no	no	n/a	no	no	no	yes	yes	yes	no	yes	no	no	yes	no	n/a	n/a	yes	052, 04	no	yes	yes	yes	no	no	yes	yes	yes	no	n/a	yes	Hebrew / Arabic / English	2012-08-01	yes	2021	Wheelie bins	https://www.geoguessr.com/challenge/TahORmOHv4lMyd86	13312	6656	2012-08	62.525223	-1.4128099999999932
2	-0.6082402, 34.5979705	https://www.google.com/maps/@-0.6082402,34.5979705,3a,90y,335.96h,66.12t/data=!3m7!1e1!3m5!1sBceqodNGWLOpEOTPUiMnNA!2e0!6shttps:%2F%2Fstreetviewpixels-pa.googleapis.com%2Fv1%2Fthumbnail%3Fcb_client%3Dmaps_sv.tactile%26w%3D900%26h%3D600%26pitch%3D23.88346537062857%26panoid%3DBceqodNGWLOpEOTPUiMnNA%26yaw%3D335.9649726715697!7i16384!8i8192?entry=ttu&g_ep=EgoyMDI1MDIxOS4xIKXMDSoASAFQAw%3D%3D	BceqodNGWLOpEOTPUiMnNA	Kenya	Kenya	Southern	yes	north	yes	no	yes	silver pickup truck	yes	Gen4	yes	yes	yes	yes	left	left	asphalt	yes	no	yes	no	no	no	no	solid white	solid yellow	yes	no	no	n/a	no	no	no	no	no	no	no	no	no	no	no	no	n/a	n/a	no	n/a	no	yes	yes	yes	yes	no	yes	yes	yes	no	n/a	no	n/a	2022-05-01	yes	2022			16384	8192	2022-05	335.9649726715697	23.88346537062857
3	-35.0674783, 173.6512106	https://www.google.com/maps/@-35.0674657,173.6512498,3a,90y,253.63h,92.88t/data=!3m7!1e1!3m5!1sNKxf9GVfL7_6y5K8BFqsuw!2e0!6shttps:%2F%2Fstreetviewpixels-pa.googleapis.com%2Fv1%2Fthumbnail%3Fcb_client%3Dmaps_sv.tactile%26w%3D900%26h%3D600%26pitch%3D-2.8767899999999997%26panoid%3DNKxf9GVfL7_6y5K8BFqsuw%26yaw%3D253.62538!7i13312!8i6656?entry=ttu&g_ep=EgoyMDI1MTAwOC4wIKXMDSoASAFQAw%3D%3D	NKxf9GVfL7_6y5K8BFqsuw	New Zealand	New Zealand	Southern	yes	north	no	no	yes	circular blur	yes	Gen2	no	no	no	no	?	left	gravel	yes	no	no	no	no	no	no	none	none	no	no	no	n/a	no	no	no	no	no	no	no	no	no	no	yes	no	n/a	n/a	no	n/a	no	yes	yes	yes	no	no	no	no	no	no	n/a	no	n/a	2010-02-01	yes	2019	Difficult round, only vegetation and landscape to go off of		13312	6656	2010-02	253.62538	-2.8767899999999997
4	64.3712541, 21.3059663	https://www.google.com/maps/@64.3712541,21.3059663,3a,90y,115.16h,87.51t/data=!3m7!1e1!3m5!1sQy7unVR6lq1rF8QexY5uSw!2e0!6shttps:%2F%2Fstreetviewpixels-pa.googleapis.com%2Fv1%2Fthumbnail%3Fcb_client%3Dmaps_sv.tactile%26w%3D900%26h%3D600%26pitch%3D2.488050000000001%26panoid%3DQy7unVR6lq1rF8QexY5uSw%26yaw%3D115.1564!7i13312!8i6656?entry=ttu&g_ep=EgoyMDI1MDIyMy4xIKXMDSoASAFQAw%3D%3D	Qy7unVR6lq1rF8QexY5uSw	Sweden	Sweden	Northern	yes	south	yes	yes	yes	bluish blur	yes	Gen3	yes	no	yes	yes	right	right	asphalt	yes	yes	no	no	no	no	no	none	none	yes	yes	no	n/a	no	no	no	yes	yes	yes	no	no	no	no	yes	no	n/a	n/a	no	n/a	yes	yes	no	yes	no	no	yes	yes	yes	no	n/a	yes	"Swedish, e.g. ""LÖVÅNGER AB"""	2009-09-01	yes	2019	Unblurred license plate		13312	6656	2009-09	115.1564	2.488050000000001
5	36.1224607, -115.8493908	https://www.google.com/maps/@36.1224607,-115.8493908,3a,90y,126.99h,90.15t/data=!3m7!1e1!3m5!1syD38gJjUoaGdgccCzXqdIg!2e0!6shttps:%2F%2Fstreetviewpixels-pa.googleapis.com%2Fv1%2Fthumbnail%3Fcb_client%3Dmaps_sv.tactile%26w%3D900%26h%3D600%26pitch%3D-0.1481899999999996%26panoid%3DyD38gJjUoaGdgccCzXqdIg%26yaw%3D126.9895!7i16384!8i8192?entry=ttu&g_ep=EgoyMDI1MDIyMy4xIKXMDSoASAFQAw%3D%3D	yD38gJjUoaGdgccCzXqdIg	United States of America	United States of America	Northern	yes	south	yes	no	yes	whitish blur and shadow	yes	Gen4	yes	no	yes	yes	right	right	asphalt	yes	no	yes	no	yes	no	no	solid white / solid yellow	dotted white	yes	yes	no	n/a	yes	no	yes	yes	yes	yes	no	no	no	no	yes	no	n/a	n/a	no	n/a	no	yes	yes	yes	no	no	yes	yes	no	no	n/a	yes	"English, ""DO NOT ENTER"", ""WRONG WAY"", ""ONE WAY"""	2021-10-01	yes	2022			16384	8192	2021-10	126.9895	-0.1481899999999996
1	40.4783969, 19.4465565	https://www.google.com/maps/@40.4783969,19.4465565,3a,90y,253.78h,90.34t/data=!3m7!1e1!3m5!1s8m8jsyx5FqARmNWTrRzj3g!2e0!6shttps:%2F%2Fstreetviewpixels-pa.googleapis.com%2Fv1%2Fthumbnail%3Fcb_client%3Dmaps_sv.tactile%26w%3D900%26h%3D600%26pitch%3D-0.3404699999999963%26panoid%3D8m8jsyx5FqARmNWTrRzj3g%26yaw%3D253.78214!7i13312!8i6656?entry=ttu&g_ep=EgoyMDI1MDIyNC4wIKXMDSoASAFQAw%3D%3D	8m8jsyx5FqARmNWTrRzj3g	Albania	Albania	Northern	yes	south	yes	yes	yes	blur and antenna	yes	Gen3	no	no	no	no	?	right	gravel	yes	no	no	no	no	no	no	none	none	no	no	no	n/a	no	no	no	no	no	no	no	no	no	no	yes	no	n/a	n/a	no	n/a	no	yes	yes	yes	yes	no	yes	yes	no	no	n/a	no	n/a	2016-05-01	yes	2016	Mostly trees, faint backhoe in distance, sky rift is probably best clue	https://www.geoguessr.com/challenge/kUSjvTMqSCQUCThV	13312	6656	2016-05	253.78214	-0.3404699999999963
2	25.3896247, 55.8421484	https://www.google.com/maps/@25.3896247,55.8421484,3a,90y,195.02h,88.2t/data=!3m7!1e1!3m5!1s3v3buMXLw7jFNX1pZ1O4aQ!2e0!6shttps:%2F%2Fstreetviewpixels-pa.googleapis.com%2Fv1%2Fthumbnail%3Fcb_client%3Dmaps_sv.tactile%26w%3D900%26h%3D600%26pitch%3D1.801636000000002%26panoid%3D3v3buMXLw7jFNX1pZ1O4aQ%26yaw%3D195.01819!7i13312!8i6656?entry=ttu&g_ep=EgoyMDI1MDIyNS4wIKXMDSoASAFQAw%3D%3D	3v3buMXLw7jFNX1pZ1O4aQ	United Arab Emirates	United Arab Emirates	Northern	yes	south	yes	no	yes	white back, shadow	yes	Gen3	yes	no	yes	yes	right	right	asphalt	yes	no	yes	no	no	no	no	solid yellow?	none / solid white	yes	yes	no	n/a	no	no	no	no	no	no	no	no	no	no	yes	no	n/a	n/a	no	n/a	yes	yes	yes	yes	no	no	yes	yes	no	no	n/a	yes	"dumpster reads ""FDU280"""	2015-09-01	yes	2019	Water tanks, window unit air conditioners		13312	6656	2015-09	195.01819	1.801636000000002
3	48.7308952, 32.6695013	https://www.google.com/maps/@48.7308952,32.6695013,3a,90y,10.94h,84.49t/data=!3m7!1e1!3m5!1sedNjxYUX3w0QJ-tK7X2Pjw!2e0!6shttps:%2F%2Fstreetviewpixels-pa.googleapis.com%2Fv1%2Fthumbnail%3Fcb_client%3Dmaps_sv.tactile%26w%3D900%26h%3D600%26pitch%3D5.5092539999999985%26panoid%3DedNjxYUX3w0QJ-tK7X2Pjw%26yaw%3D10.943233!7i13312!8i6656?entry=ttu&g_ep=EgoyMDI1MDIyNS4wIKXMDSoASAFQAw%3D%3D	edNjxYUX3w0QJ-tK7X2Pjw	Ukraine	Ukraine	Northern	yes	south	yes	no	yes	red blur with antenna	yes	Gen3	yes	no	yes	yes	right	right	dirt	yes	no	no	no	no	no	no	none	none	yes	no	no	n/a	no	no	no	no	no	no	no	no	no	no	yes	no	n/a	n/a	no	n/a	no	yes	no	yes	yes	no	yes	yes	no	yes	bird	no	n/a	2015-07-01	yes	2021	Satellite dishes, distinctive roofs, post-Soviet concrete poles		13312	6656	2015-07	10.943233	5.5092539999999985
4	51.8732174, 54.1496892	https://www.google.com/maps/@51.8732174,54.1496892,3a,90y,120.46h,90.04t/data=!3m7!1e1!3m5!1sMYZeyKz2XiXXIv-f8M8iJQ!2e0!6shttps:%2F%2Fstreetviewpixels-pa.googleapis.com%2Fv1%2Fthumbnail%3Fcb_client%3Dmaps_sv.tactile%26w%3D900%26h%3D600%26pitch%3D-0.04088600000000042%26panoid%3DMYZeyKz2XiXXIv-f8M8iJQ%26yaw%3D120.46196!7i13312!8i6656?entry=ttu&g_ep=EgoyMDI1MDIyNi4xIKXMDSoASAFQAw%3D%3D	MYZeyKz2XiXXIv-f8M8iJQ	Russia	Russia	Northern	yes	south	yes	no	yes	blur with antenna	yes	Gen3	yes	no	yes	yes	right	right	asphalt	yes	no	yes	no	no	no	no	none	dotted yelllow	yes	yes	no	n/a	no	no	no	yes	yes	yes	no	no	no	no	no	no	n/a	n/a	no	n/a	no	yes	yes	yes	no	no	yes	yes	no	no	n/a	yes	Cyrillic	2018-09-01	yes	2019	Radio tower in distance		13312	6656	2018-09	120.46196	-0.04088600000000042
5	56.9808862,18.1983929	https://www.google.com/maps/@56.9808862,18.1983929,3a,90y,261.21h,89.4t/data=!3m7!1e1!3m5!1swJMSjnaoYTwAfKHLFs4coQ!2e0!6shttps:%2F%2Fstreetviewpixels-pa.googleapis.com%2Fv1%2Fthumbnail%3Fcb_client%3Dmaps_sv.tactile%26w%3D900%26h%3D600%26pitch%3D0.5984949999999998%26panoid%3DwJMSjnaoYTwAfKHLFs4coQ%26yaw%3D261.208!7i13312!8i6656?entry=ttu&g_ep=EgoyMDI1MDIyNi4xIKXMDSoASAFQAw%3D%3D	wJMSjnaoYTwAfKHLFs4coQ	Sweden	Sweden	Northern	yes	north	yes	no	yes	white blur with antenna	yes	Gen3	no	no	no	yes	right	right	asphalt	yes	no	no	no	no	no	no	none	none	no	no	no	n/a	no	no	no	no	yes	yes	no	no	no	no	no	no	n/a	n/a	no	n/a	no	yes	yes	yes	yes	no	no	no	no	no	n/a	no	n/a	2011-06-01	yes	2022	Blue flowers on side of road. Difficult round, just vegetation and landscape		13312	6656	2011-06	261.208	0.5984949999999998
1	36.02836,14.3225541	https://www.google.com/maps/@36.02836,14.3225541,3a,90y,241.59h,83.49t/data=!3m7!1e1!3m5!1sT6xIPa0EplAwYJeUk_ewdw!2e0!6shttps:%2F%2Fstreetviewpixels-pa.googleapis.com%2Fv1%2Fthumbnail%3Fcb_client%3Dmaps_sv.tactile%26w%3D900%26h%3D600%26pitch%3D6.512739999999994%26panoid%3DT6xIPa0EplAwYJeUk_ewdw%26yaw%3D241.5865!7i13312!8i6656?entry=ttu&g_ep=EgoyMDI1MDIyNi4xIKXMDSoASAFQAw%3D%3D	T6xIPa0EplAwYJeUk_ewdw	Malta	Malta	Northern	yes	south	yes	yes	yes	blur and shadow	yes	Gen3	yes	no	yes	yes	left	left	asphalt	yes	yes	yes	no	no	no	no	double yellow on left	none	yes	yes	no	n/a	no	no	no	yes	yes	yes	no	no	no	no	yes	no	n/a	n/a	no	n/a	no	yes	yes	yes	yes	no	yes	yes	yes	yes	birds	yes	"English, ""TRIPS TO COMINO & CAVES / WATER SPORTS"""	2016-10-01	yes	2019	Beach and boats	https://www.geoguessr.com/challenge/lOSeWMnI5nPLxwsJ	13312	6656	2016-10	241.5865	6.512739999999994
2	31.3455864, 34.790687	https://www.google.com/maps/@31.3455864,34.790687,3a,90y,193.21h,89.66t/data=!3m7!1e1!3m5!1s_YQdxTyY9oSQt-PxdZlxEA!2e0!6shttps:%2F%2Fstreetviewpixels-pa.googleapis.com%2Fv1%2Fthumbnail%3Fcb_client%3Dmaps_sv.tactile%26w%3D900%26h%3D600%26pitch%3D0.3372800000000069%26panoid%3D_YQdxTyY9oSQt-PxdZlxEA%26yaw%3D193.20518!7i16384!8i8192?entry=ttu&g_ep=EgoyMDI1MDIyNi4xIKXMDSoASAFQAw%3D%3D	_YQdxTyY9oSQt-PxdZlxEA	Israel	Israel & the West Bank	Northern	yes	south	yes	no	yes	white blur	yes	Gen4	yes	no	yes	yes	right	right	asphalt	yes	no	yes	no	no	no	no	solid yellow on right, solid double white on left	dotted white	yes	no	no	n/a	no	no	no	yes	yes	yes	yes	no	no	no	no	no	n/a	n/a	no	n/a	no	yes	yes	yes	no	no	no	no	yes	no	n/a	yes	"""197"" on mile marker sign"	2022-09-01	yes	2023	Distinctive Israeli license plates and poles		16384	8192	2022-09	193.20518	0.3372800000000069
3	-1.7776612, 37.6309426	https://www.google.com/maps/@-1.7776612,37.6309426,3a,90y,45.17h,90t/data=!3m7!1e1!3m5!1s-VH6HLdCDRs-9V1PDacdFA!2e0!6shttps:%2F%2Fstreetviewpixels-pa.googleapis.com%2Fv1%2Fthumbnail%3Fcb_client%3Dmaps_sv.tactile%26w%3D900%26h%3D600%26pitch%3D0%26panoid%3D-VH6HLdCDRs-9V1PDacdFA%26yaw%3D45.174187!7i16384!8i8192?entry=ttu&g_ep=EgoyMDI1MDMwMy4wIKXMDSoASAFQAw%3D%3D	-VH6HLdCDRs-9V1PDacdFA	Kenya	Kenya	Southern	no	?	no	no	yes	Pickup truck with Kenyan snorkel	yes	Gen4	yes	no	yes	yes	left	left	asphalt	yes	yes	no	no	no	no	no	none	none	yes	no	no	n/a	no	no	no	yes	no	yes	no	no	no	no	yes	no	n/a	n/a	yes	0714	yes	yes	yes	yes	no	no	yes	yes	yes	yes	bird on wire	yes	"English, e.g. ""Improvement of Wote Township Roads"""	2021-10-01	yes	2022	Urban round with lots of information		16384	8192	2021-10	45.174187	0.0
4	4.8575913, 103.2106399	https://www.google.com/maps/@4.8575913,103.2106399,3a,90y,204.44h,78.33t/data=!3m7!1e1!3m5!1srnW4qewFTDtGFSxJhz3xDw!2e0!6shttps:%2F%2Fstreetviewpixels-pa.googleapis.com%2Fv1%2Fthumbnail%3Fcb_client%3Dmaps_sv.tactile%26w%3D900%26h%3D600%26pitch%3D11.669799999999995%26panoid%3DrnW4qewFTDtGFSxJhz3xDw%26yaw%3D204.44226!7i13312!8i6656?entry=ttu&g_ep=EgoyMDI1MDMwMy4wIKXMDSoASAFQAw%3D%3D	rnW4qewFTDtGFSxJhz3xDw	Malaysia	Malaysia	Northern	yes	north	no	no	yes	white blur of a car	yes	Gen3	yes	no	no	yes	left	left	asphalt	yes	no	yes	no	no	no	no	solid white / dotted white	double solid white	yes	yes	no	n/a	no	no	no	yes	no	yes	yes	no	no	no	yes	no	n/a	n/a	no	n/a	no	yes	yes	yes	no	no	yes	yes	no	yes	bird	yes	too far away to read	2014-03-01	yes	2020	Double white center lines are distinctively Malaysian		13312	6656	2014-03	204.44226	11.669799999999995
5	-21.1284685, 55.7947027	https://www.google.com/maps/@-21.1284685,55.7947027,3a,90y,287.58h,90.35t/data=!3m7!1e1!3m5!1sOePIpdLdzLUJBah93Dt4Qg!2e0!6shttps:%2F%2Fstreetviewpixels-pa.googleapis.com%2Fv1%2Fthumbnail%3Fcb_client%3Dmaps_sv.tactile%26w%3D900%26h%3D600%26pitch%3D-0.3467500000000001%26panoid%3DOePIpdLdzLUJBah93Dt4Qg%26yaw%3D287.5802!7i13312!8i6656?entry=ttu&g_ep=EgoyMDI1MDMwNC4wIKXMDSoASAFQAw%3D%3D	OePIpdLdzLUJBah93Dt4Qg	Réunion	France	Southern	yes	north	yes	yes	yes	white sedan with roof rack	yes	Gen3	yes	no	yes	yes	right	right	asphalt	yes	yes	yes	no	no	yes	yes	Dotted white	dotted white	yes	no	no	n/a	no	no	no	yes	yes	yes	no	yes	yes	no	yes	no	n/a	n/a	no	n/a	no	yes	yes	yes	yes	no	yes	yes	yes	no	n/a	yes	French	2015-07-01	yes	2019	Gas station		13312	6656	2015-07	287.5802	-0.3467500000000001
1	43.4109323, -3.4128263	https://www.google.com/maps/@43.4109323,-3.4128263,3a,15y,185.97h,87.09t/data=!3m7!1e1!3m5!1sHMVxfHhndEOVEXP81VEplg!2e0!6shttps:%2F%2Fstreetviewpixels-pa.googleapis.com%2Fv1%2Fthumbnail%3Fcb_client%3Dmaps_sv.tactile%26w%3D900%26h%3D600%26pitch%3D2.9125732924318015%26panoid%3DHMVxfHhndEOVEXP81VEplg%26yaw%3D185.97349123326416!7i16384!8i8192?entry=ttu&g_ep=EgoyMDI1MDMwNC4wIKXMDSoASAFQAw%3D%3D	HMVxfHhndEOVEXP81VEplg	Spain	Spain	Northern	yes	south	no	no	yes	bluish blur	yes	Gen4	yes	no	yes	yes	right	right	asphalt	yes	yes	yes	no	no	yes	yes	blue/white	solid white / dotted white	yes	yes	no	n/a	no	no	yes	yes	yes	yes	no	yes	no	no	yes	no	n/a	n/a	no	n/a	no	yes	yes	yes	no	no	yes	yes	yes	no	n/a	yes	"Spanish, e.g. ""Puerto De Laredo"""	2023-08-01	yes	2023	City name on signs, palm trees	https://www.geoguessr.com/challenge/VlTT8lPEPH9aqjeD	16384	8192	2023-08	185.97349123326416	2.9125732924318015
2	47.3003019, 22.9864328	https://www.google.com/maps/@47.3003019,22.9864328,3a,90y,353.2h,82.15t/data=!3m7!1e1!3m5!1sZpqNQCsgR6XiAnuHVsw9nw!2e0!6shttps:%2F%2Fstreetviewpixels-pa.googleapis.com%2Fv1%2Fthumbnail%3Fcb_client%3Dmaps_sv.tactile%26w%3D900%26h%3D600%26pitch%3D7.8516500000000065%26panoid%3DZpqNQCsgR6XiAnuHVsw9nw%26yaw%3D353.204!7i13312!8i6656?entry=ttu&g_ep=EgoyMDI1MDcyOS4wIKXMDSoASAFQAw%3D%3D	ZpqNQCsgR6XiAnuHVsw9nw	Romania	Romania	Northern	yes	south	no	no	yes	reddish blur with antenna	yes	Gen3	yes	no	yes	yes	right	right	asphalt	yes	no	yes	no	no	no	no	none	solid white (faded)	no	no	no	n/a	no	no	no	no	no	no	no	no	no	no	no	no	n/a	n/a	no	n/a	no	yes	yes	yes	no	no	no	no	no	no	n/a	no	n/a	2012-09-01	yes	2017	Difficult round, few clues		13312	6656	2012-09	353.204	7.8516500000000065
3	2.9237979, 112.5626211	https://www.google.com/maps/@2.9237979,112.5626211,3a,90y,69.4h,86.16t/data=!3m7!1e1!3m5!1sS8MrsAUv00AynoK5I22k_A!2e0!6shttps:%2F%2Fstreetviewpixels-pa.googleapis.com%2Fv1%2Fthumbnail%3Fcb_client%3Dmaps_sv.tactile%26w%3D900%26h%3D600%26pitch%3D3.8362900000000053%26panoid%3DS8MrsAUv00AynoK5I22k_A%26yaw%3D69.402664!7i13312!8i6656?entry=ttu&g_ep=EgoyMDI1MDMwNC4wIKXMDSoASAFQAw%3D%3D	S8MrsAUv00AynoK5I22k_A	Malaysia	Malaysia	Northern	yes	north	no	no	yes	black blur with brake light	yes	Gen3	yes	no	yes	yes	left	left	asphalt	yes	no	yes	no	no	no	no	solid white	dotted white	yes	no	yes	black and yellow	no	no	no	yes	no	yes	no	no	no	no	yes	no	n/a	n/a	no	n/a	no	yes	no	yes	yes	no	yes	yes	no	no	n/a	yes	"Roman alphabet? Digits like ""9"" and ""65""."	2019-04-01	yes	2020	Palm trees, closeup of poles		13312	6656	2019-04	69.402664	3.8362900000000053
4	52.4071131, 16.9331964	https://www.google.com/maps/@52.4071131,16.9331964,3a,90y,188.38h,90.08t/data=!3m7!1e1!3m5!1sAr4f6f8g-XJZYom4JnMr2Q!2e0!6shttps:%2F%2Fstreetviewpixels-pa.googleapis.com%2Fv1%2Fthumbnail%3Fcb_client%3Dmaps_sv.tactile%26w%3D900%26h%3D600%26pitch%3D-0.0817700000000059%26panoid%3DAr4f6f8g-XJZYom4JnMr2Q%26yaw%3D188.37761!7i13312!8i6656?entry=ttu&g_ep=EgoyMDI1MDMwNC4wIKXMDSoASAFQAw%3D%3D	Ar4f6f8g-XJZYom4JnMr2Q	Poland	Poland	Northern	no	?	yes	no	yes	trecker? lentil-shaped blur	yes	Gen3	yes	no	yes	yes	right	right	cobblestones	yes	yes	yes	no	no	yes	yes	white parking markings	none	yes	yes	no	n/a	no	no	no	yes	yes	yes	no	no	no	no	no	yes	.pl	www.anart.pl	yes	61-8526	yes	yes	no	no	no	no	yes	yes	yes	yes	bird	yes	Polish language	2011-07-01	yes	2012	City name is on a sign		13312	6656	2011-07	188.37761	-0.0817700000000059
5	-1.110375, -80.2230822	https://www.google.com/maps/@-1.110375,-80.2230822,3a,90y,61.46h,88.76t/data=!3m7!1e1!3m5!1sd8mwWC-4rSR63Z6mOGZj3w!2e0!6shttps:%2F%2Fstreetviewpixels-pa.googleapis.com%2Fv1%2Fthumbnail%3Fcb_client%3Dmaps_sv.tactile%26w%3D900%26h%3D600%26pitch%3D1.2396399999999943%26panoid%3Dd8mwWC-4rSR63Z6mOGZj3w%26yaw%3D61.46365!7i13312!8i6656?entry=ttu&g_ep=EgoyMDI1MDMwNC4wIKXMDSoASAFQAw%3D%3D	d8mwWC-4rSR63Z6mOGZj3w	Ecuador	Ecuador	Southern	yes	north	no	no	yes	reddish blur, stubby antenna	yes	Gen3	yes	no	yes	yes	right	right	asphalt	yes	yes	yes	no	no	no	no	solid white	dotted yellow	yes	no	no	n/a	no	no	no	yes	yes	no	no	no	no	no	yes	no	n/a	n/a	no	n/a	no	yes	yes	yes	no	no	yes	yes	yes	yes	dog to SE	yes	Spanish	2015-07-01	yes	2018	Province is on sign for local library, orange Ecuador license plate		13312	6656	2015-07	61.46365	1.2396399999999943
1	-24.6862217, 30.3381574	https://www.google.com/maps/@-24.6862217,30.3381574,3a,90y,319.76h,88.54t/data=!3m7!1e1!3m5!1soQjNfGxoj8nz8yEXduXX2A!2e0!6shttps:%2F%2Fstreetviewpixels-pa.googleapis.com%2Fv1%2Fthumbnail%3Fcb_client%3Dmaps_sv.tactile%26w%3D900%26h%3D600%26pitch%3D1.4618399999999951%26panoid%3DoQjNfGxoj8nz8yEXduXX2A%26yaw%3D319.76215!7i16384!8i8192?entry=ttu&g_ep=EgoyMDI1MDMwNC4wIKXMDSoASAFQAw%3D%3D	oQjNfGxoj8nz8yEXduXX2A	South Africa	South Africa	Southern	yes	north	yes	no	yes	white blur and stubby antenna	yes	Gen4	yes	no	yes	yes	left	left	asphalt	yes	yes	yes	no	no	no	no	solid white	solid white	yes	no	no	n/a	no	yes	yes	yes	yes	yes	no	no	no	no	yes	no	n/a	n/a	yes	087	no	yes	yes	yes	no	no	yes	yes	yes	no	n/a	yes	"English / Roman script ""SEKUNDA DISTRICT MUNICIPALITY"""	2023-08-01	yes	2023	Gas station, cell tower	https://www.geoguessr.com/challenge/2sADOJcC8umkDqM9	16384	8192	2023-08	319.76215	1.4618399999999951
2	37.3780262, 24.8829956	https://www.google.com/maps/@37.3780262,24.8829956,3a,90y,190h,90.48t/data=!3m7!1e1!3m5!1sRhnaSi4jNd6S2ANI73__UQ!2e0!6shttps:%2F%2Fstreetviewpixels-pa.googleapis.com%2Fv1%2Fthumbnail%3Fcb_client%3Dmaps_sv.tactile%26w%3D900%26h%3D600%26pitch%3D-0.4773799999999966%26panoid%3DRhnaSi4jNd6S2ANI73__UQ%26yaw%3D190.0038!7i13312!8i6656?entry=ttu&g_ep=EgoyMDI1MDMwNC4wIKXMDSoASAFQAw%3D%3D	RhnaSi4jNd6S2ANI73__UQ	Greece	Greece	Northern	yes	south	no	no	yes	blur and antenna	yes	Gen3	yes	no	no	no	?	right	asphalt	yes	no	no	no	no	no	no	none	none	yes	no	no	n/a	no	no	no	yes	yes	yes	no	no	no	no	yes	no	n/a	n/a	no	n/a	no	yes	yes	yes	yes	no	yes	yes	no	no	n/a	yes	too far away to read	2014-10-01	yes	2020	Distinctive rock walls		13312	6656	2014-10	190.0038	-0.4773799999999966
3	47.6451545, 0.152353	https://www.google.com/maps/@47.6451545,0.152353,3a,90y,46.04h,91.95t/data=!3m7!1e1!3m5!1sL9Oj01n0Z0Sz3F4SLlb9sg!2e0!6shttps:%2F%2Fstreetviewpixels-pa.googleapis.com%2Fv1%2Fthumbnail%3Fcb_client%3Dmaps_sv.tactile%26w%3D900%26h%3D600%26pitch%3D-1.9541200000000032%26panoid%3DL9Oj01n0Z0Sz3F4SLlb9sg%26yaw%3D46.04399!7i13312!8i6656?entry=ttu&g_ep=EgoyMDI1MDMwOC4wIKXMDSoASAFQAw%3D%3D	L9Oj01n0Z0Sz3F4SLlb9sg	France	France	Northern	no	?	no	no	yes	reddish blur, antennas on both sides	yes	Gen3	yes	no	yes	yes	right	right	asphalt	yes	yes	yes	no	no	yes	yes	none	none	yes	no	no	n/a	no	yes	no	yes	no	yes	no	no	no	no	yes	no	n/a	n/a	no	n/a	no	yes	no	yes	no	no	yes	yes	yes	no	n/a	yes	grafitti? house numbers, but too far away to read	2016-06-01	yes	2016	Waffle poles distinctively French		13312	6656	2016-06	46.04399	-1.9541200000000032
4	-31.5354028, -63.9503686	https://www.google.com/maps/@-31.5354515,-63.9503695,3a,90y,356.24h,90.56t/data=!3m7!1e1!3m5!1sNigFW9EZT7koM3f7R9wrOQ!2e0!6shttps:%2F%2Fstreetviewpixels-pa.googleapis.com%2Fv1%2Fthumbnail%3Fcb_client%3Dmaps_sv.tactile%26w%3D900%26h%3D600%26pitch%3D-0.558959999999999%26panoid%3DNigFW9EZT7koM3f7R9wrOQ%26yaw%3D356.24057!7i13312!8i6656?entry=ttu&g_ep=EgoyMDI1MTAwOC4wIKXMDSoASAFQAw%3D%3D	NigFW9EZT7koM3f7R9wrOQ	Argentina	Argentina	Southern	yes	north	no	no	yes	white blur of a car	yes	Gen3	no	no	no	no	?	right	dirt/sand	yes	no	no	no	no	no	no	none	none	yes	no	no	n/a	no	no	no	no	no	no	no	no	no	no	yes	no	n/a	n/a	no	n/a	no	yes	yes	yes	no	no	no	no	no	no	n/a	no	n/a	2013-12-01	yes	2016	Wooden A-frame poles point to Argentina		13312	6656	2013-12	356.24057	-0.558959999999999
5	-0.7972071, 34.371999	https://www.google.com/maps/@-0.7972071,34.371999,3a,90y,129.97h,89.03t/data=!3m7!1e1!3m5!1saQZKiU7cf-avaGBSpc-n2g!2e0!6shttps:%2F%2Fstreetviewpixels-pa.googleapis.com%2Fv1%2Fthumbnail%3Fcb_client%3Dmaps_sv.tactile%26w%3D900%26h%3D600%26pitch%3D0.9698599999999971%26panoid%3DaQZKiU7cf-avaGBSpc-n2g%26yaw%3D129.96887!7i16384!8i8192?entry=ttu&g_ep=EgoyMDI1MDMxMi4wIKXMDSoASAFQAw%3D%3D	aQZKiU7cf-avaGBSpc-n2g	Kenya	Kenya	Southern	yes	north	yes	no	yes	silver pickup truck with dual antennas	yes	Gen4	yes	yes	yes	yes	left	left	dirt	yes	no	no	no	no	no	no	none	none	yes	no	no	n/a	no	no	no	no	no	no	no	no	no	no	yes	no	n/a	n/a	no	n/a	no	yes	yes	yes	no	no	yes	yes	yes	no	n/a	no	n/a	2022-05-01	yes	2022	Kenyan pickup but no snorkel, Kenyan follow car		16384	8192	2022-05	129.96887	0.9698599999999971
1	50.6819052, 30.9136584	https://www.google.com/maps/@50.6819052,30.9136584,3a,90y,26.4h,89.47t/data=!3m7!1e1!3m5!1szmAtrkUGIlB0JJlS29Ct1Q!2e0!6shttps:%2F%2Fstreetviewpixels-pa.googleapis.com%2Fv1%2Fthumbnail%3Fcb_client%3Dmaps_sv.tactile%26w%3D900%26h%3D600%26pitch%3D0.5348199999999963%26panoid%3DzmAtrkUGIlB0JJlS29Ct1Q%26yaw%3D26.40399!7i13312!8i6656?entry=ttu&g_ep=EgoyMDI1MDMxMi4wIKXMDSoASAFQAw%3D%3D	zmAtrkUGIlB0JJlS29Ct1Q	Ukraine	Ukraine	Northern	no	?	yes	no	yes	red car with long antenna	yes	Gen3	yes	no	yes	yes	right	right	asphalt	yes	no	yes	no	no	no	no	solid white	solid white	yes	yes	yes	red and white	no	no	no	yes	yes	yes	yes	yes	yes	no	yes	no	n/a	n/a	no	n/a	no	yes	no	yes	no	no	no	no	yes	no	n/a	yes	far away, but looks like Cyrillic	2015-06-01	yes	2019	Red car with antenna is a meta for Ukraine	https://www.geoguessr.com/challenge/n59P4jVvWyyOxMde	13312	6656	2015-06	26.40399	0.5348199999999963
2	46.5604331, 40.6384424	https://www.google.com/maps/@46.5604331,40.6384424,3a,90y,97.76h,88.67t/data=!3m7!1e1!3m5!1scGn238emSRTaOusnz2UyvQ!2e0!6shttps:%2F%2Fstreetviewpixels-pa.googleapis.com%2Fv1%2Fthumbnail%3Fcb_client%3Dmaps_sv.tactile%26w%3D900%26h%3D600%26pitch%3D1.3340000000000032%26panoid%3DcGn238emSRTaOusnz2UyvQ%26yaw%3D97.76309!7i13312!8i6656?entry=ttu&g_ep=EgoyMDI1MDMxMi4wIKXMDSoASAFQAw%3D%3D	cGn238emSRTaOusnz2UyvQ	Russia	Russia	Northern	yes	south	yes	no	yes	red car with long antenna	yes	Gen3	yes	no	yes	yes	right	right	asphalt	yes	no	no	no	no	no	no	none	none	yes	yes	no	n/a	no	no	no	yes	no	yes	no	no	no	no	yes	no	n/a	n/a	no	n/a	no	yes	no	yes	no	no	yes	yes	yes	no	n/a	yes	"""202"" on bin"	2014-10-01	yes	2019	Many Russian poles, also a single bollard		13312	6656	2014-10	97.76309	1.3340000000000032
3	54.0162251, -9.4110152	https://www.google.com/maps/@54.0162251,-9.4110152,3a,90y,45.9h,90.4t/data=!3m7!1e1!3m5!1soR7JJ6QBw1-SzgVJGP0zXw!2e0!6shttps:%2F%2Fstreetviewpixels-pa.googleapis.com%2Fv1%2Fthumbnail%3Fcb_client%3Dmaps_sv.tactile%26w%3D900%26h%3D600%26pitch%3D-0.39628600000000347%26panoid%3DoR7JJ6QBw1-SzgVJGP0zXw%26yaw%3D45.90448!7i16384!8i8192?entry=ttu&g_ep=EgoyMDI1MDMxMi4wIKXMDSoASAFQAw%3D%3D	oR7JJ6QBw1-SzgVJGP0zXw	Ireland	Ireland	Northern	yes	south	yes	no	yes	blue car	yes	Gen4	no	no	no	yes	left	left	asphalt	yes	no	yes	no	no	no	no	dotted yellow	dotted white	yes	no	no	n/a	no	no	no	yes	yes	yes	no	no	no	no	yes	no	n/a	n/a	no	n/a	no	yes	yes	yes	no	no	yes	yes	no	yes	sheep	yes	"""L5156"" on white sign, ""McGrath[?]"" on wheelie bin"	2022-11-01	yes	2022	"""Mac"" is Scotland, ""Mc"" is Ireland"		16384	8192	2022-11	45.90448	-0.39628600000000347
4	38.651922, -118.7575657	https://www.google.com/maps/@38.651922,-118.7575657,3a,90y,147.59h,89.08t/data=!3m7!1e1!3m5!1sOW4f6-tcaE-WruIUFYDuIA!2e0!6shttps:%2F%2Fstreetviewpixels-pa.googleapis.com%2Fv1%2Fthumbnail%3Fcb_client%3Dmaps_sv.tactile%26w%3D900%26h%3D600%26pitch%3D0.9155599999999993%26panoid%3DOW4f6-tcaE-WruIUFYDuIA%26yaw%3D147.58789!7i16384!8i8192?entry=ttu&g_ep=EgoyMDI1MDQyMy4wIKXMDSoASAFQAw%3D%3D	OW4f6-tcaE-WruIUFYDuIA	United States of America	United States of America	Northern	yes	north	no	no	yes	blue car	yes	Gen4	yes	no	yes	yes	right	right	asphalt	yes	no	yes	no	no	no	no	solid white	double solid yellow	yes	yes	no	n/a	yes	no	yes	yes	yes	yes	yes	no	no	no	no	no	n/a	n/a	no	n/a	no	yes	yes	yes	yes	yes	yes	yes	no	no	n/a	yes	"""Cliff House Lakeside Resort"", ""SPEED LIMIT 10"""	2021-03-01	yes	2022	Surprising, does not look like typical Nevada		16384	8192	2021-03	147.58789	0.9155599999999993
5	-7.9398031, 110.2404241	https://www.google.com/maps/@-7.9398031,110.2404241,3a,90y,79.44h,89.66t/data=!3m7!1e1!3m5!1s9bMRJ5cPryxzF8GLHiMyrQ!2e0!6shttps:%2F%2Fstreetviewpixels-pa.googleapis.com%2Fv1%2Fthumbnail%3Fcb_client%3Dmaps_sv.tactile%26w%3D900%26h%3D600%26pitch%3D0.3414499999999947%26panoid%3D9bMRJ5cPryxzF8GLHiMyrQ%26yaw%3D79.44481!7i16384!8i8192?entry=ttu&g_ep=EgoyMDI1MDMxOS4yIKXMDSoASAFQAw%3D%3D	9bMRJ5cPryxzF8GLHiMyrQ	Indonesia	Indonesia	Southern	yes	north	no	no	yes	whitish blur?	yes	Gen4	yes	no	yes	yes	left	left	asphalt	yes	yes	yes	no	no	no	no	solid white	solid white	yes	no	no	n/a	no	no	no	yes	no	yes	yes	no	no	no	yes	no	n/a	n/a	no	n/a	no	yes	no	yes	yes	no	yes	yes	yes	no	n/a	yes	"Javanese or Indonesian? ""sasonoloyo ringin brosotkidul"""	2022-09-01	yes	2022	Black and white curbs		16384	8192	2022-09	79.44481	0.3414499999999947
1	-34.3414037, 139.6251077	https://www.google.com/maps/@-34.3414037,139.6251077,3a,90y,218.26h,90t/data=!3m7!1e1!3m5!1sr2C5OU5cnmALUeJXDF79HA!2e0!6shttps:%2F%2Fstreetviewpixels-pa.googleapis.com%2Fv1%2Fthumbnail%3Fcb_client%3Dmaps_sv.tactile%26w%3D900%26h%3D600%26pitch%3D0%26panoid%3Dr2C5OU5cnmALUeJXDF79HA%26yaw%3D218.25615!7i16384!8i8192?entry=ttu&g_ep=EgoyMDI1MDMxOS4yIKXMDSoASAFQAw%3D%3D	r2C5OU5cnmALUeJXDF79HA	Australia	Australia	Southern	yes	north	no	no	yes	blue car blur	yes	Gen4	no	no	no	yes	left	left	asphalt	yes	yes	yes	no	no	no	no	solid white	dotted white / solid white	yes	yes	yes	black and yellow	no	no	no	yes	yes	yes	yes	no	no	no	yes	no	n/a	n/a	no	n/a	no	yes	yes	yes	yes	no	yes	yes	no	yes	bird flying far away to NE	yes	"English: ""D1"", ""Swan Reach"", ""BURK SALTER"", ""OVERTAKING LANE"""	2024-08-01	yes	2024	Eucalyptus trees, Stobie poles, many other clues for Australia	https://www.geoguessr.com/challenge/Bypf629X3C8sqZoy	16384	8192	2024-08	218.25615	0.0
2	32.5521824, -94.3663996	https://www.google.com/maps/@32.5521824,-94.3663996,3a,90y,180.17h,89.07t/data=!3m7!1e1!3m5!1sRLhMizFHGw24UXfeMtMvCg!2e0!6shttps:%2F%2Fstreetviewpixels-pa.googleapis.com%2Fv1%2Fthumbnail%3Fcb_client%3Dmaps_sv.tactile%26w%3D900%26h%3D600%26pitch%3D0.9271700000000038%26panoid%3DRLhMizFHGw24UXfeMtMvCg%26yaw%3D180.1717!7i16384!8i8192?entry=ttu&g_ep=EgoyMDI1MDMyNC4wIKXMDSoASAFQAw%3D%3D	RLhMizFHGw24UXfeMtMvCg	United States of America	United States of America	Northern	yes	south	yes	no	yes	red car?	yes	Gen4	yes	no	yes	yes	right	right	concrete bridge	yes	yes	yes	no	no	no	no	none	double yellow	yes	no	no	n/a	no	yes	yes	yes	yes	yes	no	no	no	no	yes	no	n/a	n/a	no	n/a	no	yes	no	yes	no	no	yes	yes	yes	yes	many birds flying	yes	"graffitti that says ""VIOLET"""	2023-06-01	yes	2023	Railroads and gravel piles		16384	8192	2023-06	180.1717	0.9271700000000038
3	45.8241299, 7.3206791	https://www.google.com/maps/@45.8241165,7.3206939,3a,90y,187.63h,84.48t/data=!3m7!1e1!3m5!1sZmZsSvB4BVW_zZ3yOGWK6Q!2e0!6shttps:%2F%2Fstreetviewpixels-pa.googleapis.com%2Fv1%2Fthumbnail%3Fcb_client%3Dmaps_sv.tactile%26w%3D900%26h%3D600%26pitch%3D5.520195000000001%26panoid%3DZmZsSvB4BVW_zZ3yOGWK6Q%26yaw%3D187.63326!7i16384!8i8192?entry=ttu&g_ep=EgoyMDI1MTAwOC4wIKXMDSoASAFQAw%3D%3D	ZmZsSvB4BVW_zZ3yOGWK6Q	Italy	Italy	Northern	yes	south	yes	no	yes	blur and shadow, long antenna	yes	Gen4	yes	no	yes	no	?	right	asphalt	yes	no	no	no	no	yes	no	n/a	n/a	yes	no	no	n/a	no	no	no	no	no	yes	no	no	no	no	yes	no	n/a	n/a	no	n/a	no	yes	yes	yes	no	no	yes	yes	no	no	n/a	no	n/a	2011-10-01	yes	2013	Very narrow road, Italian pole tops, looks like the Alps		16384	8192	2024-09	187.63326	5.520195000000001
4	56.8033118, 25.4207284	https://www.google.com/maps/@56.8033118,25.4207284,3a,90y,326.51h,89.48t/data=!3m7!1e1!3m5!1suBEv_4l8Z7nU04Nn5NKweA!2e0!6shttps:%2F%2Fstreetviewpixels-pa.googleapis.com%2Fv1%2Fthumbnail%3Fcb_client%3Dmaps_sv.tactile%26w%3D900%26h%3D600%26pitch%3D0.518259999999998%26panoid%3DuBEv_4l8Z7nU04Nn5NKweA%26yaw%3D326.5052!7i13312!8i6656?entry=ttu&g_ep=EgoyMDI1MDMzMC4wIKXMDSoASAFQAw%3D%3D	uBEv_4l8Z7nU04Nn5NKweA	Latvia	Latvia	Northern	yes	south	yes	no	yes	blur and shadow, short antenna	yes	Gen3	yes	no	no	yes	right?	right	dirt	yes	no	no	no	no	no	no	n/a	n/a	yes	no	no	n/a	no	no	no	no	no	no	no	no	no	no	yes	no	n/a	n/a	no	n/a	no	yes	no	yes	yes	no	yes	yes	no	yes	cows	no	n/a	2011-09-01	yes	2020	Soccer goal		13312	6656	2011-09	326.5052	0.518259999999998
5	14.3459549, 100.1894371	https://www.google.com/maps/@14.3459549,100.1894371,3a,90y,340.83h,89.84t/data=!3m7!1e1!3m5!1sD4Kp0lSwwiZwR92lSbp3ow!2e0!6shttps:%2F%2Fstreetviewpixels-pa.googleapis.com%2Fv1%2Fthumbnail%3Fcb_client%3Dmaps_sv.tactile%26w%3D900%26h%3D600%26pitch%3D0.16365999999999303%26panoid%3DD4Kp0lSwwiZwR92lSbp3ow%26yaw%3D340.82767!7i16384!8i8192?entry=ttu&g_ep=EgoyMDI1MDMzMC4wIKXMDSoASAFQAw%3D%3D	D4Kp0lSwwiZwR92lSbp3ow	Thailand	Thailand	Northern	yes	north	no	no	yes	whitish blur	yes	Gen4	yes	no	yes	yes	left	left	asphalt	yes	no	yes	no	no	no	no	solid yellow, solid white	solid white	yes	yes	no	n/a	no	no	no	yes	yes	yes	yes	no	no	no	yes	no	n/a	n/a	no	n/a	no	yes	no	yes	yes	no	yes	yes	yes	no	n/a	yes	Thai abugida	2022-05-01	yes	2022	Flat, so southern Thailand?		16384	8192	2022-05	340.82767	0.16365999999999303
1	54.9812301, 71.4796158	https://www.google.com/maps/@54.9812301,71.4796158,3a,90y,64.89h,90.13t/data=!3m7!1e1!3m5!1sNotEbZtUhhmSqzsuqo2w1Q!2e0!6shttps:%2F%2Fstreetviewpixels-pa.googleapis.com%2Fv1%2Fthumbnail%3Fcb_client%3Dmaps_sv.tactile%26w%3D900%26h%3D600%26pitch%3D-0.13282999999999845%26panoid%3DNotEbZtUhhmSqzsuqo2w1Q%26yaw%3D64.89055!7i16384!8i8192?entry=ttu&g_ep=EgoyMDI1MDMzMS4wIKXMDSoASAFQAw%3D%3D	NotEbZtUhhmSqzsuqo2w1Q	Russia	Russia	Northern	yes	south	no	no	yes	bluish blur?	yes	Gen4	yes	no	no	yes	right	right	asphalt	yes	no	yes	no	no	no	no	solid white	dotted white / solid white	no	yes	no	n/a	no	no	no	yes	yes	yes	no	no	no	no	no	no	n/a	n/a	no	n/a	no	yes	no	yes	yes	no	yes	no	no	no	n/a	yes	"Cyrillic: ""СИБИРЬ"" = ""Siberia"" in Russian"	2021-07-01	yes	2021	Russian bollards, Omsk oblast	https://www.geoguessr.com/challenge/fFcHT4SKKKqqz7IV	16384	8192	2021-07	64.89055	-0.13282999999999845
2	-45.5237235, -71.8267324	https://www.google.com/maps/@-45.5237235,-71.8267324,3a,90y,281.63h,85.42t/data=!3m7!1e1!3m5!1sqnVBPm1OJ5E-C_wPVsrG2Q!2e0!6shttps:%2F%2Fstreetviewpixels-pa.googleapis.com%2Fv1%2Fthumbnail%3Fcb_client%3Dmaps_sv.tactile%26w%3D900%26h%3D600%26pitch%3D4.578674000000007%26panoid%3DqnVBPm1OJ5E-C_wPVsrG2Q%26yaw%3D281.62576!7i13312!8i6656?entry=ttu&g_ep=EgoyMDI1MDQwMi4xIKXMDSoASAFQAw%3D%3D	qnVBPm1OJ5E-C_wPVsrG2Q	Chile	Chile	Southern	yes	north	yes	no	yes	white with shadow	yes	Gen3	no	no	no	yes	right	right	gravel	yes	no	no	no	no	no	no	n/a	n/a	no	no	no	n/a	no	no	no	yes	no	yes	no	no	no	no	yes	no	n/a	n/a	no	n/a	no	yes	yes	yes	no	no	no	no	no	no	n/a	no	n/a	2013-03-01	yes	2019	Coniferous trees make it look like borderline Tierra del Fugeo		13312	6656	2013-03	281.62576	4.578674000000007
3	43.9925479, 42.9741494	https://www.google.com/maps/@43.9925479,42.9741494,3a,90y,89.2h,88.85t/data=!3m7!1e1!3m5!1sCRv68SWq5wtgd6aaHUHAsg!2e0!6shttps:%2F%2Fstreetviewpixels-pa.googleapis.com%2Fv1%2Fthumbnail%3Fcb_client%3Dmaps_sv.tactile%26w%3D900%26h%3D600%26pitch%3D1.1549799999999948%26panoid%3DCRv68SWq5wtgd6aaHUHAsg%26yaw%3D89.20491!7i13312!8i6656?entry=ttu&g_ep=EgoyMDI1MDQwMi4xIKXMDSoASAFQAw%3D%3D	CRv68SWq5wtgd6aaHUHAsg	Russia	Russia	Northern	yes	south	yes	no	yes	blur, antenna	yes	Gen3	yes	no	yes	yes	right	right	asphalt	yes	no	yes	no	no	no	no	solid white, dotted white	solid white, dotted white	no	yes	no	n/a	no	no	no	yes	yes	yes	no	no	no	no	no	no	n/a	n/a	no	n/a	no	yes	yes	yes	no	no	yes	yes	no	no	n/a	no	n/a	2019-08-01	yes	2020	Russian bollard spam near intersection		13312	6656	2019-08	89.20491	1.1549799999999948
4	-24.8776342, 148.5294439	https://www.google.com/maps/@-24.8776342,148.5294439,3a,90y,108.9h,88.66t/data=!3m7!1e1!3m5!1slbTTEqaOiUV2WmI9ndL6WQ!2e0!6shttps:%2F%2Fstreetviewpixels-pa.googleapis.com%2Fv1%2Fthumbnail%3Fcb_client%3Dmaps_sv.tactile%26w%3D900%26h%3D600%26pitch%3D1.3447400000000016%26panoid%3DlbTTEqaOiUV2WmI9ndL6WQ%26yaw%3D108.89995!7i16384!8i8192?entry=ttu&g_ep=EgoyMDI1MDQwMi4xIKXMDSoASAFQAw%3D%3D	lbTTEqaOiUV2WmI9ndL6WQ	Australia	Australia	Southern	yes	north	no	no	yes	white/red blur	yes	Gen4	no	no	no	no	?	left	gravel	yes	no	yes	no	no	no	no	solid white	dotted white	no	yes	no	n/a	no	no	no	no	no	no	no	no	no	no	yes	no	n/a	n/a	no	n/a	no	yes	yes	yes	no	no	no	no	no	no	n/a	no	n/a	2021-11-01	yes	2022	Eucalyptus trees and all-white road lines point to Australia. Cattle guard between fence posts.		16384	8192	2021-11	108.89995	1.3447400000000016
5	46.6374207, 8.6094576	https://www.google.com/maps/@46.6374207,8.6094576,3a,90y,289.36h,85.85t/data=!3m7!1e1!3m5!1sYoVzD-lcm83QtlGuD7OK9g!2e0!6shttps:%2F%2Fstreetviewpixels-pa.googleapis.com%2Fv1%2Fthumbnail%3Fcb_client%3Dmaps_sv.tactile%26w%3D900%26h%3D600%26pitch%3D4.149749999999997%26panoid%3DYoVzD-lcm83QtlGuD7OK9g%26yaw%3D289.36203!7i16384!8i8192?entry=ttu&g_ep=EgoyMDI1MDQwMi4xIKXMDSoASAFQAw%3D%3D	YoVzD-lcm83QtlGuD7OK9g	Switzerland	Switzerland	Northern	yes	south	yes	no	yes	white blur	yes	Gen4	yes	no	yes	yes	right	right	asphalt	yes	yes	yes	no	no	no	no	solid white	dotted white	yes	yes	no	n/a	no	no	no	yes	yes	yes	yes	no	no	no	yes	no	n/a	n/a	no	n/a	no	yes	yes	yes	no	yes	yes	yes	yes	yes	cows (?) to NW	no	n/a	2023-10-01	yes	2024	Swiss bollards		16384	8192	2023-10	289.36203	4.149749999999997
1	53.0611635, -2.8875343	https://www.google.com/maps/@53.0611635,-2.8875343,3a,90y,219.78h,89.1t/data=!3m7!1e1!3m5!1sitgy_tJbxyd1-Cww8jP9CQ!2e0!6shttps:%2F%2Fstreetviewpixels-pa.googleapis.com%2Fv1%2Fthumbnail%3Fcb_client%3Dmaps_sv.tactile%26w%3D900%26h%3D600%26pitch%3D0.9003500000000031%26panoid%3Ditgy_tJbxyd1-Cww8jP9CQ%26yaw%3D219.77927!7i16384!8i8192?entry=ttu&g_ep=EgoyMDI1MDQwMi4xIKXMDSoASAFQAw%3D%3D	itgy_tJbxyd1-Cww8jP9CQ	United Kingdom	United Kingdom	Northern	yes	south	no	no	yes	whitish blur, short antenna	yes	Gen4	no	no	no	no	?	left	dirt	yes	no	no	no	no	no	no	n/a	n/a	no	no	no	n/a	no	no	no	no	no	no	no	no	no	no	yes	no	n/a	n/a	no	n/a	no	yes	yes	yes	yes	no	yes	yes	no	yes	bird	no	n/a	2023-02-01	yes	2023	Gates have square corners, which suggests UK not Ireland, also no boreen	https://www.geoguessr.com/challenge/Vc0xFeLLoLC7yTxO	16384	8192	2023-02	219.77927	0.9003500000000031
2	43.9238139, -1.1097749	https://www.google.com/maps/@43.9238139,-1.1097749,3a,90y,227.58h,91.06t/data=!3m7!1e1!3m5!1sFzhw_Tn7K-NkYZRbGXBSPg!2e0!6shttps:%2F%2Fstreetviewpixels-pa.googleapis.com%2Fv1%2Fthumbnail%3Fcb_client%3Dmaps_sv.tactile%26w%3D900%26h%3D600%26pitch%3D-1.063445999999999%26panoid%3DFzhw_Tn7K-NkYZRbGXBSPg%26yaw%3D227.57727!7i16384!8i8192?entry=ttu&g_ep=EgoyMDI1MDQwMi4xIKXMDSoASAFQAw%3D%3D	Fzhw_Tn7K-NkYZRbGXBSPg	France	France	Northern	yes	south	yes	no	yes	bluish blur	yes	Gen4	yes	no	yes	yes	right	right	asphalt	yes	no	yes	no	no	no	no	solid white	dotted white	no	no	no	n/a	no	no	no	yes	yes	yes	yes	no	no	no	yes	no	n/a	n/a	no	n/a	no	yes	no	yes	no	no	no	no	no	no	n/a	yes	"Latin alphabet (""A 63"", ""111""), some far away"	2023-07-01	yes	2023	"Pinpointable: road sign for French highway (""A 63"") combined with road angle"		16384	8192	2023-07	227.57727	-1.063445999999999
3	38.2951288, 128.5455057	https://www.google.com/maps/@38.2951288,128.5455057,3a,90y,53.42h,89.96t/data=!3m7!1e1!3m5!1syGh8UR3zFzWINhXLdkU1HA!2e0!6shttps:%2F%2Fstreetviewpixels-pa.googleapis.com%2Fv1%2Fthumbnail%3Fcb_client%3Dmaps_sv.tactile%26w%3D900%26h%3D600%26pitch%3D0.03946000000000538%26panoid%3DyGh8UR3zFzWINhXLdkU1HA%26yaw%3D53.422333!7i13312!8i6656?entry=ttu&g_ep=EgoyMDI1MDQwNi4wIKXMDSoASAFQAw%3D%3D	yGh8UR3zFzWINhXLdkU1HA	South Korea	South Korea	Northern	yes	south	yes	yes	yes	white bumper, shadow	yes	Gen3	yes	no	yes	yes	right	right	asphalt	yes	yes	no	no	no	yes	yes	n/a	n/a	yes	yes	no	n/a	no	no	no	yes	yes	yes	yes	no	no	no	yes	no	n/a	n/a	yes	631-2579	no	yes	yes	yes	no	no	yes	yes	no	no	n/a	yes	Korean hangul	2014-11-01	yes	2020	South Korean script and utility poles		13312	6656	2014-11	53.422333	0.03946000000000538
4	14.9060077, -90.1934953	https://www.google.com/maps/@14.9060077,-90.1934953,3a,90y,81.68h,89.37t/data=!3m7!1e1!3m5!1sXaGpX0TL1q93btqEUCNq1A!2e0!6shttps:%2F%2Fstreetviewpixels-pa.googleapis.com%2Fv1%2Fthumbnail%3Fcb_client%3Dmaps_sv.tactile%26w%3D900%26h%3D600%26pitch%3D0.6253360000000043%26panoid%3DXaGpX0TL1q93btqEUCNq1A%26yaw%3D81.675285!7i13312!8i6656?entry=ttu&g_ep=EgoyMDI1MDQwNy4wIKXMDSoASAFQAw%3D%3D	XaGpX0TL1q93btqEUCNq1A	Guatemala	Guatemala	Northern	yes	north	yes	no	yes	mirrors and roof rack	yes	Gen3	yes	no	yes	yes	right	right	asphalt	yes	yes	yes	yes	no	no	no	solid white	solid yellow	yes	no	no	n/a	no	no	no	yes	no	yes	no	no	no	no	yes	no	n/a	n/a	no	n/a	no	yes	yes	yes	no	no	yes	yes	yes	no	n/a	yes	"Latin alphabet (""C-483 BND""), Spanish (""VIVERO ELORKE...."")"	2016-08-01	yes	2017	Google car and Spanish language indicate Guatemala		13312	6656	2016-08	81.675285	0.6253360000000043
5	-2.7303882, 112.9183038	https://www.google.com/maps/@-2.7303882,112.9183038,3a,90y,126.13h,88.18t/data=!3m7!1e1!3m5!1sS1pHKGdsbYj5k7EhsVYh0A!2e0!6shttps:%2F%2Fstreetviewpixels-pa.googleapis.com%2Fv1%2Fthumbnail%3Fcb_client%3Dmaps_sv.tactile%26w%3D900%26h%3D600%26pitch%3D1.819199999999995%26panoid%3DS1pHKGdsbYj5k7EhsVYh0A%26yaw%3D126.134026!7i16384!8i8192?entry=ttu&g_ep=EgoyMDI1MDQwNy4wIKXMDSoASAFQAw%3D%3D	S1pHKGdsbYj5k7EhsVYh0A	Indonesia	Indonesia	Southern	yes	north	yes	no	yes	bluish blur	yes	Gen4	yes	no	no	yes	right?	left	asphalt	yes	yes	no	no	no	no	no	n/a	n/a	yes	no	no	n/a	no	no	no	yes	no	yes	no	no	no	no	no	no	n/a	n/a	no	n/a	yes	yes	no	yes	no	no	no	no	yes	no	n/a	yes	"Indonesian ""PEMAKAMAN MUSLIMIN ± 300 m"" means ""MUSLIM CEMETERY  ± 300 m"""	2023-09-01	yes	2023	Red and white banners suggest Indonesia		16384	8192	2023-09	126.134026	1.819199999999995
1	48.2405183, -1.2959746	https://www.google.com/maps/@48.2405183,-1.2959746,3a,90y,63.48h,91.74t/data=!3m7!1e1!3m5!1sOzOjzcP0CayVtXvkJRY-Tw!2e0!6shttps:%2F%2Fstreetviewpixels-pa.googleapis.com%2Fv1%2Fthumbnail%3Fcb_client%3Dmaps_sv.tactile%26w%3D900%26h%3D600%26pitch%3D-1.7351759999999956%26panoid%3DOzOjzcP0CayVtXvkJRY-Tw%26yaw%3D63.4752!7i13312!8i6656?entry=ttu&g_ep=EgoyMDI1MDQwOS4wIKXMDSoASAFQAw%3D%3D	OzOjzcP0CayVtXvkJRY-Tw	France	France	Northern	yes	south	no	no	yes	reddish blur, short antenna	yes	Gen3	no	no	no	yes	right?	right	asphalt	yes	no	no	no	no	no	no	n/a	n/a	yes	no	no	n/a	no	no	no	no	no	no	no	no	no	no	yes	no	n/a	n/a	no	n/a	no	yes	no	yes	no	no	yes	yes	no	no	n/a	no	n/a	2013-07-01	yes	2017	Narrow road, French poles	https://www.geoguessr.com/challenge/BAkST01Q05aTc1rO	13312	6656	2013-07	63.4752	-1.7351759999999956
2	39.6951953, 140.969303	https://www.google.com/maps/@39.6951953,140.969303,3a,90y,201.79h,91.28t/data=!3m7!1e1!3m5!1seN7K3yw0FCSp1C0Mo9XRRQ!2e0!6shttps:%2F%2Fstreetviewpixels-pa.googleapis.com%2Fv1%2Fthumbnail%3Fcb_client%3Dmaps_sv.tactile%26w%3D900%26h%3D600%26pitch%3D-1.2827900000000056%26panoid%3DeN7K3yw0FCSp1C0Mo9XRRQ%26yaw%3D201.7893!7i16384!8i8192?entry=ttu&g_ep=EgoyMDI1MDQwOS4wIKXMDSoASAFQAw%3D%3D	eN7K3yw0FCSp1C0Mo9XRRQ	Japan	Japan	Northern	yes	south	yes	no	yes	blur, no shadow or antenna	yes	Gen4	yes	no	yes	yes	left	left	asphalt	yes	yes	yes	no	no	yes	yes	solid white	solid white	yes	no	no	n/a	no	no	no	yes	yes	yes	no	yes	yes	no	yes	no	n/a	n/a	yes	0800	no	yes	yes	yes	no	no	yes	yes	no	no	n/a	yes	Japanese	2023-05-01	yes	2023	Japanse poles and script on signs		16384	8192	2023-05	201.7893	-1.2827900000000056
3	56.3403565, -2.7950697	https://www.google.com/maps/@56.3403565,-2.7950697,3a,90y,268.93h,90.13t/data=!3m7!1e1!3m5!1sCaCkx-dO8DIRj6BTB3cYpQ!2e0!6shttps:%2F%2Fstreetviewpixels-pa.googleapis.com%2Fv1%2Fthumbnail%3Fcb_client%3Dmaps_sv.tactile%26w%3D900%26h%3D600%26pitch%3D-0.1299060000000054%26panoid%3DCaCkx-dO8DIRj6BTB3cYpQ%26yaw%3D268.92902!7i16384!8i8192?entry=ttu&g_ep=EgoyMDI1MDQwOS4wIKXMDSoASAFQAw%3D%3D	CaCkx-dO8DIRj6BTB3cYpQ	United Kingdom	United Kingdom	Northern	yes	south	no	no	yes	bluish blur	yes	Gen4	yes	no	yes	yes	left	left	cobblestones, asphalt	yes	yes	no	no	no	yes	yes	n/a	n/a	yes	yes	no	n/a	no	no	no	yes	yes	yes	no	yes	no	no	yes	no	n/a	n/a	no	n/a	yes	yes	no	no	no	no	yes	yes	yes	yes	birds flying far away	yes	"English, many business signs and street signs, ""No 77 Market Street, St. Andrews"", ""House of Cashmere St. Andrews"""	2023-05-01	yes	2023	Name of city visible on two signs (St. Andrews)		16384	8192	2023-05	268.92902	-0.1299060000000054
4	-4.6399396, -80.5485431	https://www.google.com/maps/@-4.6399396,-80.5485431,3a,90y,299.5h,91.33t/data=!3m7!1e1!3m5!1sQ9D1RjaIO7iCNYvLKCTybA!2e0!6shttps:%2F%2Fstreetviewpixels-pa.googleapis.com%2Fv1%2Fthumbnail%3Fcb_client%3Dmaps_sv.tactile%26w%3D900%26h%3D600%26pitch%3D-1.3314299999999974%26panoid%3DQ9D1RjaIO7iCNYvLKCTybA%26yaw%3D299.5016!7i16384!8i8192?entry=ttu&g_ep=EgoyMDI1MDQwOS4wIKXMDSoASAFQAw%3D%3D	Q9D1RjaIO7iCNYvLKCTybA	Peru	Peru	Southern	yes	south	yes	yes	yes	reddish blur	yes	Gen4	yes	no	yes	yes	right	right	asphalt	yes	yes	yes	no	no	no	no	solid white	double yellow with dotted white	yes	no	no	n/a	no	no	no	yes	yes	yes	no	yes	no	no	yes	no	n/a	n/a	no	n/a	yes	yes	yes	yes	no	no	yes	yes	yes	yes	dog	yes	Spanish	2022-10-01	yes	2023	Peruvian signposts		16384	8192	2022-10	299.5016	-1.3314299999999974
5	14.6770196, -90.3593202	https://www.google.com/maps/@14.6770196,-90.3593202,3a,90y,108.99h,90.01t/data=!3m7!1e1!3m5!1sBI7QYagvu7JCuU7Hda6sJg!2e0!6shttps:%2F%2Fstreetviewpixels-pa.googleapis.com%2Fv1%2Fthumbnail%3Fcb_client%3Dmaps_sv.tactile%26w%3D900%26h%3D600%26pitch%3D-0.013750000000001705%26panoid%3DBI7QYagvu7JCuU7Hda6sJg%26yaw%3D108.988976!7i13312!8i6656?entry=ttu&g_ep=EgoyMDI1MDQwOS4wIKXMDSoASAFQAw%3D%3D	BI7QYagvu7JCuU7Hda6sJg	Guatemala	Guatemala	Northern	yes	south	no	no	yes	red & silver blur, roof rack, side mirrors	yes	Gen3	yes	no	yes	yes	right	right	asphalt, concrete	yes	yes	yes	no	no	no	no	solid white	solid yellow	yes	yes	no	n/a	no	no	no	yes	yes	yes	no	yes	no	no	yes	no	n/a	n/a	no	n/a	no	yes	yes	yes	no	no	yes	yes	yes	yes	dogs, birds	yes	Spanish	2016-11-01	yes	2017	Poles painted white, not pink or green.		13312	6656	2016-11	108.988976	-0.013750000000001705
1	-8.023236, 110.7513463	https://www.google.com/maps/@-8.023236,110.7513463,3a,90y,80.63h,90.55t/data=!3m7!1e1!3m5!1sdYHqaeBkNdBUBVeX8OWUKg!2e0!6shttps:%2F%2Fstreetviewpixels-pa.googleapis.com%2Fv1%2Fthumbnail%3Fcb_client%3Dmaps_sv.tactile%26w%3D900%26h%3D600%26pitch%3D-0.545810000000003%26panoid%3DdYHqaeBkNdBUBVeX8OWUKg%26yaw%3D80.63242!7i16384!8i8192?entry=ttu&g_ep=EgoyMDI1MDQwOS4wIKXMDSoASAFQAw%3D%3D	dYHqaeBkNdBUBVeX8OWUKg	Indonesia	Indonesia	Southern	yes	north	yes	no	yes	blur & shadow	yes	Gen4	yes	no	yes	yes	left	left	asphalt	yes	yes	yes	no	no	no	no	none	solid white, dotted white	yes	no	no	n/a	no	no	no	yes	no	yes	no	no	no	no	no	no	n/a	n/a	no	n/a	no	yes	yes	yes	no	no	no	yes	yes	no	n/a	yes	Indonesian on a sign	2023-07-01	yes	2023	Indonesian language on sign, Indonesian poles and license plates	https://www.geoguessr.com/challenge/m93iS3NEDJlaBuFK	16384	8192	2023-07	80.63242	-0.545810000000003
2	48.9378046, 20.8081615	https://www.google.com/maps/@48.9378046,20.8081615,3a,90y,145.78h,89.29t/data=!3m7!1e1!3m5!1sizLt7S0PcvXjlOyCWKlFTg!2e0!6shttps:%2F%2Fstreetviewpixels-pa.googleapis.com%2Fv1%2Fthumbnail%3Fcb_client%3Dmaps_sv.tactile%26w%3D900%26h%3D600%26pitch%3D0.7060299999999984%26panoid%3DizLt7S0PcvXjlOyCWKlFTg%26yaw%3D145.78114!7i16384!8i8192?entry=ttu&g_ep=EgoyMDI1MDQxNi4xIKXMDSoASAFQAw%3D%3D	izLt7S0PcvXjlOyCWKlFTg	Slovakia	Slovakia	Northern	yes	north	yes	no	yes	reddish blur, stubby antenna, shadow	yes	Gen4	yes	no	no	yes	right?	right	cobblestones, asphalt	yes	yes	no	no	no	no	no	n/a	n/a	yes	yes	no	n/a	no	no	no	yes	yes	yes	no	no	no	no	yes	no	n/a	n/a	no	n/a	no	yes	yes	yes	no	no	yes	yes	no	no	n/a	yes	"""100"" on a sign"	2023-07-01	yes	2023	Former Soviet architecture, difficult round		16384	8192	2023-07	145.78114	0.7060299999999984
3	12.1114949, -68.8616606	https://www.google.com/maps/@12.1114949,-68.8616606,3a,90y,64.54h,89.41t/data=!3m7!1e1!3m5!1sGJMkLTiCGYzOFi0LpAfR8A!2e0!6shttps:%2F%2Fstreetviewpixels-pa.googleapis.com%2Fv1%2Fthumbnail%3Fcb_client%3Dmaps_sv.tactile%26w%3D900%26h%3D600%26pitch%3D0.5898300000000063%26panoid%3DGJMkLTiCGYzOFi0LpAfR8A%26yaw%3D64.54392!7i13312!8i6656?entry=ttu&g_ep=EgoyMDI1MDQxNi4xIKXMDSoASAFQAw%3D%3D	GJMkLTiCGYzOFi0LpAfR8A	Curaçao	Netherlands	Northern	yes	south	yes	no	yes	hood, roof rack	yes	Gen3	yes	no	yes	yes	right	right	asphalt	yes	no	yes	no	no	no	no	solid white?	none	yes	yes	no	n/a	no	no	no	yes	yes	yes	yes	no	no	no	yes	no	n/a	n/a	no	n/a	no	yes	yes	yes	no	no	yes	yes	no	yes	bird	yes	"far away, but getting closer says ""MONTAB Ballpark"""	2017-10-01	yes	2018	Curaçao car with roof rack		13312	6656	2017-10	64.54392	0.5898300000000063
4	47.2657404, -1.0335179	https://www.google.com/maps/@47.2657404,-1.0335179,3a,90y,195.94h,95.45t/data=!3m7!1e1!3m5!1sBr_B3GQrZxI98KtTh4J0VQ!2e0!6shttps:%2F%2Fstreetviewpixels-pa.googleapis.com%2Fv1%2Fthumbnail%3Fcb_client%3Dmaps_sv.tactile%26w%3D900%26h%3D600%26pitch%3D-5.4542%26panoid%3DBr_B3GQrZxI98KtTh4J0VQ%26yaw%3D195.94011!7i16384!8i8192?entry=ttu&g_ep=EgoyMDI1MDQxNi4xIKXMDSoASAFQAw%3D%3D	Br_B3GQrZxI98KtTh4J0VQ	France	France	Northern	yes	south	yes	no	yes	bluish blur	yes	Gen4	yes	no	yes	yes	right	right	asphalt	yes	yes	no	no	no	yes	yes	n/a	n/a	yes	yes	no	n/a	no	no	no	yes	no	yes	no	no	no	no	yes	no	n/a	n/a	no	n/a	no	yes	no	no	yes	no	yes	yes	no	no	n/a	yes	Latin, 'des-' and '-US'	2022-09-01	yes	2024	Orange tiles common for French houses		16384	8192	2022-09	195.94011	-5.4542
5	48.0505497, 30.8464988	https://www.google.com/maps/@48.0505497,30.8464988,3a,90y,18.12h,89.69t/data=!3m7!1e1!3m5!1sckDlSHEu8OV5y5uTQYWCJA!2e0!6shttps:%2F%2Fstreetviewpixels-pa.googleapis.com%2Fv1%2Fthumbnail%3Fcb_client%3Dmaps_sv.tactile%26w%3D900%26h%3D600%26pitch%3D0.31467999999999563%26panoid%3DckDlSHEu8OV5y5uTQYWCJA%26yaw%3D18.123693!7i13312!8i6656?entry=ttu&g_ep=EgoyMDI1MDQyMy4wIKXMDSoASAFQAw%3D%3D	ckDlSHEu8OV5y5uTQYWCJA	Ukraine	Ukraine	Northern	yes	north	no	no	yes	reddish blur, antenna	yes	Gen3	yes	no	yes	yes	right	right	asphalt	yes	yes	no	no	no	no	yes	n/a	n/a	yes	no	no	n/a	no	no	no	yes	yes	yes	yes	no	no	no	yes	no	n/a	n/a	no	n/a	yes	yes	no	yes	yes	no	yes	yes	yes	no	n/a	yes	Cyrillic, but far away	2015-06-01	yes	2020	Bridge is blue and yellow like Ukrainian flag		13312	6656	2015-06	18.123693	0.31467999999999563
1	-0.0664563, 37.6636271	https://www.google.com/maps/@-0.0664563,37.6636271,3a,90y,96.49h,90t/data=!3m7!1e1!3m5!1sMcVo4I5Iq1GXW9YO5TuVaA!2e0!6shttps:%2F%2Fstreetviewpixels-pa.googleapis.com%2Fv1%2Fthumbnail%3Fcb_client%3Dmaps_sv.tactile%26w%3D900%26h%3D600%26pitch%3D0%26panoid%3DMcVo4I5Iq1GXW9YO5TuVaA%26yaw%3D96.48805!7i16384!8i8192?entry=ttu&g_ep=EgoyMDI1MDQyOC4wIKXMDSoJLDEwMjExNDU1SAFQAw%3D%3D	McVo4I5Iq1GXW9YO5TuVaA	Kenya	Kenya	Southern	yes	south	yes	no	yes	big pickup blur	yes	Gen4	yes	yes	yes	yes	left	left	bricks	yes	yes	no	no	no	no	no	n/a	n/a	yes	no	no	n/a	no	no	no	yes	no	yes	no	no	no	no	no	no	n/a	n/a	no	n/a	no	yes	no	yes	no	no	yes	yes	yes	no	n/a	yes	"English: ""M PESA"", ""KINYOZ"", ""HIGHWAY BUTCHERY"", ""20/-"""	2022-03-01	yes	2024	Kenyan blurred pickup, Kenyan follow car, Kenyan language on signs	https://www.geoguessr.com/challenge/GEfjruebKbHOWt5h	16384	8192	2022-03	96.48805	0.0
2	9.3332142, -79.8734482	https://www.google.com/maps/@9.3332142,-79.8734482,3a,90y,195.47h,97.74t/data=!3m7!1e1!3m5!1s49wsRlBzTwNon67UbjR1eA!2e0!6shttps:%2F%2Fstreetviewpixels-pa.googleapis.com%2Fv1%2Fthumbnail%3Fcb_client%3Dmaps_sv.tactile%26w%3D900%26h%3D600%26pitch%3D-7.743279999999999%26panoid%3D49wsRlBzTwNon67UbjR1eA%26yaw%3D195.46965!7i16384!8i8192?entry=ttu&g_ep=EgoyMDI1MDQzMC4xIKXMDSoJLDEwMjExNDU1SAFQAw%3D%3D	49wsRlBzTwNon67UbjR1eA	Panama	Panama	Northern	yes	south	yes	no	yes	big white pickup blur with antenna	yes	Gen4	yes	no	yes	yes	right	right	concrete	yes	yes	no	no	no	no	yes	n/a	n/a	yes	no	no	n/a	no	no	no	yes	no	yes	no	no	no	no	yes	no	n/a	n/a	no	n/a	no	yes	no	yes	yes	no	yes	yes	yes	yes	bird on TV antenna	yes	"Spanish, e.g. ""BOLSA HIELO"""	2022-11-01	yes	2023	Panama car and greenish license plates		16384	8192	2022-11	195.46965	-7.743279999999999
3	49.855121, 20.8686683	https://www.google.com/maps/@49.855121,20.8686683,3a,90y,272.96h,89.4t/data=!3m7!1e1!3m5!1spnl_bMFry9Rqn6U3nGYh2w!2e0!6shttps:%2F%2Fstreetviewpixels-pa.googleapis.com%2Fv1%2Fthumbnail%3Fcb_client%3Dmaps_sv.tactile%26w%3D900%26h%3D600%26pitch%3D0.5981799999999993%26panoid%3Dpnl_bMFry9Rqn6U3nGYh2w%26yaw%3D272.95874!7i16384!8i8192?entry=ttu&g_ep=EgoyMDI1MDQzMC4xIKXMDSoASAFQAw%3D%3D	pnl_bMFry9Rqn6U3nGYh2w	Poland	Poland	Northern	yes	south	yes	no	yes	whitish blur and shadow	yes	Gen4	yes	no	yes	yes	right	right	asphalt	yes	yes	yes	no	no	no	no	solid white	double solid white	yes	yes	no	n/a	no	no	no	yes	yes	yes	yes	no	no	no	no	no	n/a	n/a	no	n/a	no	yes	yes	yes	yes	no	yes	yes	no	no	n/a	no	n/a	2018-09-01	yes	2022	Polish bollards and poles		16384	8192	2018-09	272.95874	0.5981799999999993
4	18.1755884, -92.9331436	https://www.google.com/maps/@18.1755884,-92.9331436,3a,90y,67.67h,90.49t/data=!3m7!1e1!3m5!1sB9dbldgm0_3IuHCY5LjVdg!2e0!6shttps:%2F%2Fstreetviewpixels-pa.googleapis.com%2Fv1%2Fthumbnail%3Fcb_client%3Dmaps_sv.tactile%26w%3D900%26h%3D600%26pitch%3D-0.4907299999999992%26panoid%3DB9dbldgm0_3IuHCY5LjVdg%26yaw%3D67.666405!7i16384!8i8192?entry=ttu&g_ep=EgoyMDI1MDQzMC4xIKXMDSoASAFQAw%3D%3D	B9dbldgm0_3IuHCY5LjVdg	Mexico	Mexico	Northern	yes	south	yes	no	yes	bluish blur	yes	Gen4	yes	no	yes	yes	right	right	asphalt	yes	no	yes	no	no	no	no	none	single yellow	yes	no	no	n/a	no	no	no	yes	no	yes	no	no	no	no	yes	no	n/a	n/a	no	n/a	no	yes	yes	yes	yes	no	yes	yes	yes	yes	pig resting on the ground	yes	"Spanish, e.g. ""OBRA EN PROCESO"""	2023-10-01	yes	2024	Banana tree, octagonal Mexican poles		16384	8192	2023-10	67.666405	-0.4907299999999992
5	-24.4401466, -59.6571397	https://www.google.com/maps/@-24.4401466,-59.6571397,3a,90y,89.84h,90.05t/data=!3m7!1e1!3m5!1s8ncjLOYgCWBmZEyo39c_Og!2e0!6shttps:%2F%2Fstreetviewpixels-pa.googleapis.com%2Fv1%2Fthumbnail%3Fcb_client%3Dmaps_sv.tactile%26w%3D900%26h%3D600%26pitch%3D-0.048779999999993606%26panoid%3D8ncjLOYgCWBmZEyo39c_Og%26yaw%3D89.83533!7i16384!8i8192?entry=ttu&g_ep=EgoyMDI1MDQzMC4xIKXMDSoASAFQAw%3D%3D	8ncjLOYgCWBmZEyo39c_Og	Argentina	Argentina	Southern	yes	north	yes	no	yes	whitish blur	yes	Gen4	yes	no	yes	yes	right	right	asphalt	yes	no	yes	no	no	no	no	none	solid white	yes	no	no	n/a	no	no	no	yes	yes	yes	no	yes	no	no	yes	no	n/a	n/a	no	n/a	no	yes	no	yes	no	no	yes	yes	yes	no	n/a	yes	"Spanish, e.g. ""Av. Ejercica Argentina"""	2024-07-01	yes	2024	Very close to Paraguay border		16384	8192	2024-07	89.83533	-0.048779999999993606
1	-0.3114378, 100.0397621	https://www.google.com/maps/@-0.3114378,100.0397621,3a,90y,122.34h,81.06t/data=!3m7!1e1!3m5!1sG3bPl3bbwgzRRXvvNn0l3g!2e0!6shttps:%2F%2Fstreetviewpixels-pa.googleapis.com%2Fv1%2Fthumbnail%3Fcb_client%3Dmaps_sv.tactile%26w%3D900%26h%3D600%26pitch%3D8.941444000000004%26panoid%3DG3bPl3bbwgzRRXvvNn0l3g%26yaw%3D122.3406!7i16384!8i8192?entry=ttu&g_ep=EgoyMDI1MDUwNS4wIKXMDSoASAFQAw%3D%3D	G3bPl3bbwgzRRXvvNn0l3g	Indonesia	Indonesia	Southern	yes	north	yes	yes	yes	blackish blur	yes	Gen4	yes	no	yes	yes	left	right	asphalt	yes	no	yes	no	no	no	no	none	solid white, dotted white	yes	no	no	n/a	no	no	no	yes	yes	yes	no	no	no	no	yes	no	n/a	n/a	no	n/a	no	yes	yes	yes	no	no	yes	yes	no	no	n/a	yes	"Latin alphabet on signs, e.g. ""HATI HATI"" etc."	2019-09-01	yes	2019	Satellite dish, pole painted like Indonesian flag	https://www.geoguessr.com/challenge/qSMpE8lVp3fMKh66	16384	8192	2019-09	122.3406	8.941444000000004
2	12.0933165, 99.8537439	https://www.google.com/maps/@12.0933605,99.8538049,3a,90y,357.91h,88.71t/data=!3m7!1e1!3m5!1somzQ5EfuAph40HVDs7xuDg!2e0!6shttps:%2F%2Fstreetviewpixels-pa.googleapis.com%2Fv1%2Fthumbnail%3Fcb_client%3Dmaps_sv.tactile%26w%3D900%26h%3D600%26pitch%3D1.2926199999999994%26panoid%3DomzQ5EfuAph40HVDs7xuDg%26yaw%3D357.91226!7i16384!8i8192?entry=ttu&g_ep=EgoyMDI1MTAwOC4wIKXMDSoASAFQAw%3D%3D	omzQ5EfuAph40HVDs7xuDg	Thailand	Thailand	Northern	yes	south	yes	no	yes	whitish blur	yes	Gen4	yes	no	yes	yes	left	left	asphalt	yes	yes	yes	no	no	no	no	solid white	none	yes	yes	yes	black on yellow	yes	no	no	yes	yes	yes	yes	no	no	no	yes	no	n/a	n/a	no	n/a	yes	yes	no	yes	no	no	yes	yes	yes	no	n/a	yes	Thai abugida	2025-03-01	yes	2025	Major highway		16384	8192	2025-03	357.91226	1.2926199999999994
3	18.9274498, 102.4483412	https://www.google.com/maps/@18.9274498,102.4483412,3a,90y,305.22h,90.33t/data=!3m7!1e1!3m5!1sl9-ujTDqtZjjAjYX-blHyQ!2e0!6shttps:%2F%2Fstreetviewpixels-pa.googleapis.com%2Fv1%2Fthumbnail%3Fcb_client%3Dmaps_sv.tactile%26w%3D900%26h%3D600%26pitch%3D-0.3323000000000036%26panoid%3Dl9-ujTDqtZjjAjYX-blHyQ%26yaw%3D305.21872!7i13312!8i6656?entry=ttu&g_ep=EgoyMDI1MDUwNy4wIKXMDSoASAFQAw%3D%3D	l9-ujTDqtZjjAjYX-blHyQ	Laos	Laos	Northern	yes	south	yes	no	yes	whitish blur, roof rack	yes	Gen3	yes	no	yes	yes	right	right	dirt	yes	no	no	no	no	no	no	n/a	n/a	yes	no	no	n/a	no	no	no	yes	yes	yes	no	no	no	no	yes	no	n/a	n/a	no	n/a	no	yes	yes	yes	yes	no	yes	yes	yes	no	n/a	yes	Lao abugida	2015-12-01	yes	2021	Distinctive-looking mountains and coconut palms, grafitti, unattended bicycle to N		13312	6656	2015-12	305.21872	-0.3323000000000036
4	-18.1865776, -67.4096307	https://www.google.com/maps/@-18.1865776,-67.4096307,3a,90y,261.69h,91.1t/data=!3m7!1e1!3m5!1smeb2b9mz4qTryvLEq_2mPQ!2e0!6shttps:%2F%2Fstreetviewpixels-pa.googleapis.com%2Fv1%2Fthumbnail%3Fcb_client%3Dmaps_sv.tactile%26w%3D900%26h%3D600%26pitch%3D-1.1028299999999973%26panoid%3Dmeb2b9mz4qTryvLEq_2mPQ%26yaw%3D261.68555!7i13312!8i6656?entry=ttu&g_ep=EgoyMDI1MDUwNy4wIKXMDSoASAFQAw%3D%3D	meb2b9mz4qTryvLEq_2mPQ	Bolivia	Bolivia	Southern	yes	north	yes	no	yes	whitish blur and shadow	yes	Gen3	yes	no	yes	yes	right	right	asphalt	yes	no	yes	yes	yes	no	no	dotted white, solid white	double yellow	yes	yes	no	n/a	no	no	yes	yes	yes	yes	no	no	no	no	no	no	n/a	n/a	no	n/a	no	yes	yes	yes	no	no	yes	yes	no	no	n/a	yes	"Spanish, ""IGLESIA SAN AGUSTIN"""	2015-08-01	yes	2018	Square signposts points to Bolivia, as do Google car and road lines. Dusty.		13312	6656	2015-08	261.68555	-1.1028299999999973
5	39.3945051, 21.8003071	https://www.google.com/maps/@39.3945051,21.8003071,3a,90y,347.32h,86.81t/data=!3m7!1e1!3m5!1siYEhjaCsm2K7VCWDFL_f7w!2e0!6shttps:%2F%2Fstreetviewpixels-pa.googleapis.com%2Fv1%2Fthumbnail%3Fcb_client%3Dmaps_sv.tactile%26w%3D900%26h%3D600%26pitch%3D3.1912499999999966%26panoid%3DiYEhjaCsm2K7VCWDFL_f7w%26yaw%3D347.32037!7i16384!8i8192?entry=ttu&g_ep=EgoyMDI1MDUxMi4wIKXMDSoASAFQAw%3D%3D	iYEhjaCsm2K7VCWDFL_f7w	Greece	Greece	Northern	yes	south	yes	no	yes	white blur and shadow	yes	Gen4	no	no	no	yes	right	right	asphalt	yes	no	yes	no	no	no	no	none	solid white	no	no	no	n/a	no	no	no	no	no	no	no	no	no	no	no	no	n/a	n/a	no	n/a	no	yes	yes	yes	no	no	no	no	no	no	n/a	no	n/a	2022-06-01	yes	2023	Very narrow trees, difficult round		16384	8192	2022-06	347.32037	3.1912499999999966
1	49.3809284, 24.1211641	https://www.google.com/maps/@49.3809284,24.1211641,3a,90y,280.56h,89.6t/data=!3m7!1e1!3m5!1szOflhDAjtt4l8ihnKImP1g!2e0!6shttps:%2F%2Fstreetviewpixels-pa.googleapis.com%2Fv1%2Fthumbnail%3Fcb_client%3Dmaps_sv.tactile%26w%3D900%26h%3D600%26pitch%3D0.39959000000000344%26panoid%3DzOflhDAjtt4l8ihnKImP1g%26yaw%3D280.55576!7i13312!8i6656?entry=ttu&g_ep=EgoyMDI1MDUxMi4wIKXMDSoASAFQAw%3D%3D	zOflhDAjtt4l8ihnKImP1g	Ukraine	Ukraine	Northern	yes	south	no	no	yes	white/red blur with antenna	yes	Gen3	yes	no	yes	yes	right	right	asphalt	yes	no	yes	no	no	no	no	solid white	dotted white	yes	no	no	n/a	no	no	no	no	no	no	yes	no	no	no	no	no	n/a	n/a	no	n/a	no	yes	no	yes	yes	no	no	no	no	no	n/a	no	n/a	2015-05-01	yes	2015	Roads in poor condition, smoke stack in distance.	https://www.geoguessr.com/challenge/Djuyi9JiBcyt5IsE	13312	6656	2015-05	280.55576	0.39959000000000344
2	4.972355, -2.511234	https://www.google.com/maps/@4.972355,-2.511234,3a,90y,101.39h,90.57t/data=!3m7!1e1!3m5!1sni74qIWnRU1_Uxykak6vFw!2e0!6shttps:%2F%2Fstreetviewpixels-pa.googleapis.com%2Fv1%2Fthumbnail%3Fcb_client%3Dmaps_sv.tactile%26w%3D900%26h%3D600%26pitch%3D-0.5688499999999976%26panoid%3Dni74qIWnRU1_Uxykak6vFw%26yaw%3D101.39164!7i13312!8i6656?entry=ttu&g_ep=EgoyMDI1MDUxMy4xIKXMDSoASAFQAw%3D%3D	ni74qIWnRU1_Uxykak6vFw	Ghana	Ghana	Northern	yes	south	yes	no	yes	roof rack with black tape	yes	Gen3	yes	no	yes	yes	right	right	asphalt	yes	yes	yes	no	no	no	no	none	none	yes	no	no	n/a	no	no	no	yes	yes	yes	no	no	no	no	yes	no	n/a	n/a	no	n/a	no	yes	no	yes	yes	no	yes	yes	yes	no	n/a	yes	"Latin alphabet / English, ""ANOKYI LPG FACILITY"", ""IN"""	2016-03-01	yes	2017	Ghana tape, pinpointable due to ocean proximity and facility name		13312	6656	2016-03	101.39164	-0.5688499999999976
3	3.758799, 102.5493819	https://www.google.com/maps/@3.7588414,102.5493959,3a,90y,185.87h,90.7t/data=!3m7!1e1!3m5!1sYNskbdLBeE4RgAFguoGv1A!2e0!6shttps:%2F%2Fstreetviewpixels-pa.googleapis.com%2Fv1%2Fthumbnail%3Fcb_client%3Dmaps_sv.tactile%26w%3D900%26h%3D600%26pitch%3D-0.7017100000000056%26panoid%3DYNskbdLBeE4RgAFguoGv1A%26yaw%3D185.86713!7i16384!8i8192?entry=ttu&g_ep=EgoyMDI1MTAwOC4wIKXMDSoASAFQAw%3D%3D	YNskbdLBeE4RgAFguoGv1A	Malaysia	Malaysia	Northern	yes	south	yes	no	yes	black back bumper, black/red blur	yes	Gen4	yes	no	yes	yes	left	left	asphalt	yes	no	yes	no	no	no	no	none	faint solid white	yes	no	no	n/a	no	no	no	yes	no	yes	no	no	no	no	yes	no	n/a	n/a	no	n/a	no	yes	no	yes	yes	no	yes	yes	no	no	n/a	yes	"Latin alphabet / English, ""JALAM..ILKAL"""	2018-10-01	yes	2018	"Black stickers on concrete poles point to Malaysia, ""Alam Flora"" trash bins"		16384	8192	2025-04	185.86713	-0.7017100000000056
4	43.9259897, 12.4368683	https://www.google.com/maps/@43.9259897,12.4368683,3a,90y,22.85h,87.58t/data=!3m7!1e1!3m5!1sLmm4P6xBCz_7Akj2zcRzsw!2e0!6shttps:%2F%2Fstreetviewpixels-pa.googleapis.com%2Fv1%2Fthumbnail%3Fcb_client%3Dmaps_sv.tactile%26w%3D900%26h%3D600%26pitch%3D2.424449999999993%26panoid%3DLmm4P6xBCz_7Akj2zcRzsw%26yaw%3D22.846592!7i13312!8i6656?entry=ttu&g_ep=EgoyMDI1MDUxMy4xIKXMDSoASAFQAw%3D%3D	Lmm4P6xBCz_7Akj2zcRzsw	San Marino	San Marino	Northern	yes	south	no	no	yes	circular blur	yes	Gen2	no	no	no	yes	right	right	asphalt	yes	no	yes	no	no	no	no	none	solid white	yes	yes	no	n/a	no	no	no	yes	no	yes	yes	no	no	no	yes	no	n/a	n/a	no	n/a	no	yes	yes	yes	no	no	yes	yes	no	no	n/a	no	n/a	2010-10-01	yes	2013	Fruit trees (oranges?)		13312	6656	2010-10	22.846592	2.424449999999993
5	-22.5275445, -46.4557959	https://www.google.com/maps/@-22.5275373,-46.4558002,3a,90y,32.84h,88.17t/data=!3m7!1e1!3m5!1sVn0kZVnoY0BqJvp9MRl1gw!2e0!6shttps:%2F%2Fstreetviewpixels-pa.googleapis.com%2Fv1%2Fthumbnail%3Fcb_client%3Dmaps_sv.tactile%26w%3D900%26h%3D600%26pitch%3D1.8281300000000016%26panoid%3DVn0kZVnoY0BqJvp9MRl1gw%26yaw%3D32.842487!7i16384!8i8192?entry=ttu&g_ep=EgoyMDI1MDgyNC4wIKXMDSoASAFQAw%3D%3D	Vn0kZVnoY0BqJvp9MRl1gw	Brazil	Brazil	Southern	yes	north	yes	no	yes	blue front and blur	yes	Gen4	no	no	no	yes	right	right	asphalt	yes	no	yes	yes	yes	no	no	none	solid double yellow	yes	no	no	n/a	no	no	no	yes	no	yes	no	no	no	no	yes	no	n/a	n/a	no	n/a	no	yes	yes	yes	yes	no	yes	yes	no	yes	cow	yes	far away	2024-01-01	yes	2024	Double yellow lines, orange tiled roofs, poles, hexagonal tiles all point to Brazil		16384	8192	2024-01	32.842487	1.8281300000000016
1	35.7537297, 136.7895996	https://www.google.com/maps/@35.7537297,136.7895996,3a,90y,54.57h,96.21t/data=!3m7!1e1!3m5!1s67yM2ZPRpjwpRweKDt7baQ!2e0!6shttps:%2F%2Fstreetviewpixels-pa.googleapis.com%2Fv1%2Fthumbnail%3Fcb_client%3Dmaps_sv.tactile%26w%3D900%26h%3D600%26pitch%3D-6.213524000000007%26panoid%3D67yM2ZPRpjwpRweKDt7baQ%26yaw%3D54.567856!7i16384!8i8192?entry=ttu&g_ep=EgoyMDI1MDUyNy4wIKXMDSoASAFQAw%3D%3D	67yM2ZPRpjwpRweKDt7baQ	Japan	Japan	Northern	yes	south	yes	no	yes	blur	yes	Gen4	no	no	no	yes	left?	left	asphalt	yes	no	yes	no	no	no	yes	solid white	none (single lane)	yes	yes	yes	black on yellow	no	no	no	yes	yes	yes	yes	no	no	no	yes	no	n/a	n/a	no	n/a	no	yes	yes	yes	no	no	yes	yes	no	no	n/a	yes	Kanji	2021-10-01	yes	2021	Kanji banners, architecture, poles, bollards all point to Japan	https://www.geoguessr.com/challenge/NoaIVpYPqZwYtuNu	16384	8192	2021-10	54.567856	-6.213524000000007
2	-28.5040764, 21.2348775	https://www.google.com/maps/@-28.5040764,21.2348775,3a,90y,48.88h,90.08t/data=!3m7!1e1!3m5!1sD2R_vNxYOjaNazXCG_pM2Q!2e0!6shttps:%2F%2Fstreetviewpixels-pa.googleapis.com%2Fv1%2Fthumbnail%3Fcb_client%3Dmaps_sv.tactile%26w%3D900%26h%3D600%26pitch%3D-0.08082600000000184%26panoid%3DD2R_vNxYOjaNazXCG_pM2Q%26yaw%3D48.882385!7i16384!8i8192?entry=ttu&g_ep=EgoyMDI1MDUyNy4wIKXMDSoASAFQAw%3D%3D	D2R_vNxYOjaNazXCG_pM2Q	South Africa	South Africa	Southern	yes	north	yes	no	yes	bluish blur with shadow	yes	Gen4	yes	no	yes	yes	left	left	asphalt	yes	no	yes	yes	no	no	no	solid yellow	dotted white	yes	no	no	n/a	yes	no	no	yes	no	yes	no	no	no	no	yes	no	n/a	n/a	no	n/a	no	yes	yes	yes	no	no	yes	yes	no	no	n/a	no	n/a	2024-06-01	yes	2024	Sun, road lines, and pole tops all point to South Africa		16384	8192	2024-06	48.882385	-0.08082600000000184
3	52.0464539, 87.1015283	https://www.google.com/maps/@52.0464539,87.1015283,3a,90y,115.96h,91.28t/data=!3m7!1e1!3m5!1shu7CnsVRhSbD3Ghr7IZCyA!2e0!6shttps:%2F%2Fstreetviewpixels-pa.googleapis.com%2Fv1%2Fthumbnail%3Fcb_client%3Dmaps_sv.tactile%26w%3D900%26h%3D600%26pitch%3D-1.2775340000000028%26panoid%3Dhu7CnsVRhSbD3Ghr7IZCyA%26yaw%3D115.96243!7i13312!8i6656?entry=ttu&g_ep=EgoyMDI1MDYwNC4wIKXMDSoASAFQAw%3D%3D	hu7CnsVRhSbD3Ghr7IZCyA	Russia	Russia	Northern	yes	south	yes	no	yes	white blur with long antenna	yes	Gen3	yes	no	yes	yes	right	right	asphalt	yes	no	yes	no	no	no	no	none	dotted white, solid white	yes	no	no	n/a	no	no	no	yes	yes	yes	no	yes	yes	no	no	no	n/a	n/a	no	n/a	no	yes	yes	yes	no	no	yes	yes	no	no	n/a	yes	Cyrillic	2014-10-01	yes	2016	Crosswalk & sign, bus stop		13312	6656	2014-10	115.96243	-1.2775340000000028
4	-34.1110093, -62.0038304	https://www.google.com/maps/@-34.1110093,-62.0038304,3a,90y,320.34h,90.2t/data=!3m7!1e1!3m5!1sEys792GS83wd0KiU8Z--Vg!2e0!6shttps:%2F%2Fstreetviewpixels-pa.googleapis.com%2Fv1%2Fthumbnail%3Fcb_client%3Dmaps_sv.tactile%26w%3D900%26h%3D600%26pitch%3D-0.20221999999999696%26panoid%3DEys792GS83wd0KiU8Z--Vg%26yaw%3D320.33585!7i16384!8i8192?entry=ttu&g_ep=EgoyMDI1MDYwNC4wIKXMDSoASAFQAw%3D%3D	Eys792GS83wd0KiU8Z--Vg	Argentina	Argentina	Southern	yes	north	yes	no	yes	red blur with blue front and shadow	yes	Gen4	yes	no	no	yes	right	right	asphalt	yes	no	yes	no	no	no	no	solid white	double yellow	yes	no	no	n/a	no	no	no	yes	yes	yes	no	no	no	no	yes	no	n/a	n/a	no	n/a	no	yes	no	yes	no	no	no	no	yes	yes	bird on pole	no	n/a	2024-10-01	yes	2024	Poles are clearly Argentine		16384	8192	2024-10	320.33585	-0.20221999999999696
5	47.7942098, 108.3859846	https://www.google.com/maps/@47.7942098,108.3859846,3a,90y,238.83h,90.36t/data=!3m7!1e1!3m5!1sOfsHQhjdbmf6Yh4xX4GMDw!2e0!6shttps:%2F%2Fstreetviewpixels-pa.googleapis.com%2Fv1%2Fthumbnail%3Fcb_client%3Dmaps_sv.tactile%26w%3D900%26h%3D600%26pitch%3D-0.36316999999999666%26panoid%3DOfsHQhjdbmf6Yh4xX4GMDw%26yaw%3D238.82939!7i16384!8i8192?entry=ttu&g_ep=EgoyMDI1MDYxMS4wIKXMDSoASAFQAw%3D%3D	OfsHQhjdbmf6Yh4xX4GMDw	Mongolia	Mongolia	Northern	yes	south	yes	no	yes	big truck blur with snorkel	yes	Gen4	yes	no	yes	yes	right	right	asphalt	yes	yes	yes	no	no	no	no	none	none	yes	no	no	n/a	no	no	no	yes	yes	yes	no	yes	yes	no	yes	no	n/a	n/a	no	n/a	no	yes	yes	yes	yes	no	yes	yes	yes	yes	dog	yes	Cyrillic	2023-09-01	yes	2024	Google car is Mongolian, as are pole supports and pedestrian crossing sign		16384	8192	2023-09	238.82939	-0.36316999999999666
1	56.5506673, 21.3759506	https://www.google.com/maps/@56.5506673,21.3759506,3a,90y,350.49h,87.56t/data=!3m7!1e1!3m5!1s604awpPH88Aq43jaYDyZXQ!2e0!6shttps:%2F%2Fstreetviewpixels-pa.googleapis.com%2Fv1%2Fthumbnail%3Fcb_client%3Dmaps_sv.tactile%26w%3D900%26h%3D600%26pitch%3D2.442700000000002%26panoid%3D604awpPH88Aq43jaYDyZXQ%26yaw%3D350.48807!7i13312!8i6656?entry=ttu&g_ep=EgoyMDI1MDYxNy4wIKXMDSoASAFQAw%3D%3D	604awpPH88Aq43jaYDyZXQ	Latvia	Latvia	Northern	yes	south	no	no	yes	blur with antenna	yes	Gen3	yes	no	no	yes	right	right	gravel	yes	no	no	no	no	no	no	none	none	yes	yes	no	n/a	no	no	no	no	yes	yes	no	no	no	no	yes	no	n/a	n/a	no	n/a	no	yes	yes	yes	no	no	yes	yes	yes	no	n/a	no	n/a	2011-09-01	yes	2021	Hook-shaped insulators on pole tops are Latvian. Hay bales.	https://www.geoguessr.com/challenge/5SZghIS6oKECQq9f	13312	6656	2011-09	350.48807	2.442700000000002
2	46.0652339, -83.9451902	https://www.google.com/maps/@46.0652339,-83.9451902,3a,90y,77.17h,89.15t/data=!3m7!1e1!3m5!1s7dQtUuFNtsxOQ_Ei4g9_uQ!2e0!6shttps:%2F%2Fstreetviewpixels-pa.googleapis.com%2Fv1%2Fthumbnail%3Fcb_client%3Dmaps_sv.tactile%26w%3D900%26h%3D600%26pitch%3D0.8523600000000044%26panoid%3D7dQtUuFNtsxOQ_Ei4g9_uQ%26yaw%3D77.169334!7i16384!8i8192?entry=ttu&g_ep=EgoyMDI1MDYxNy4wIKXMDSoASAFQAw%3D%3D	7dQtUuFNtsxOQ_Ei4g9_uQ	Canada	Canada	Northern	yes	south	yes	no	yes	blur with blue bumper	yes	Gen4	yes	no	yes	yes	right?	right	asphalt	yes	no	no	no	no	no	no	none	none	yes	no	no	n/a	no	no	no	no	yes	yes	no	no	no	no	no	no	n/a	n/a	no	n/a	yes	yes	no	no	no	no	yes	yes	no	no	n/a	no	n/a	2024-09-01	yes	2024	Canadian flag and pickup trucks		16384	8192	2024-09	77.169334	0.8523600000000044
3	41.1018186, -5.5531446	https://www.google.com/maps/@41.1018186,-5.5531446,3a,90y,24.56h,90.4t/data=!3m7!1e1!3m5!1sGMW6h7sKMvZi_jG3eOR-iQ!2e0!6shttps:%2F%2Fstreetviewpixels-pa.googleapis.com%2Fv1%2Fthumbnail%3Fcb_client%3Dmaps_sv.tactile%26w%3D900%26h%3D600%26pitch%3D-0.4017939999999953%26panoid%3DGMW6h7sKMvZi_jG3eOR-iQ%26yaw%3D24.556816!7i13312!8i6656?entry=ttu&g_ep=EgoyMDI1MDYxNy4wIKXMDSoASAFQAw%3D%3D	GMW6h7sKMvZi_jG3eOR-iQ	Spain	Spain	Northern	yes	south	yes	no	yes	reddish blur, black antenna	yes	Gen3	no	no	no	yes	right	right	asphalt	yes	no	yes	no	no	no	no	solid white	dotted white	yes	yes	no	n/a	no	no	yes	yes	yes	yes	no	no	no	no	no	no	n/a	n/a	no	n/a	no	yes	yes	yes	no	no	yes	yes	no	no	n/a	no	n/a	2018-10-01	yes	2019	Spanish flat signposts, Spanish diagonal black & white hunting sign		13312	6656	2018-10	24.556816	-0.4017939999999953
4	26.946543, 90.0123867	https://www.google.com/maps/@26.946543,90.0123867,3a,90y,266.64h,89.26t/data=!3m7!1e1!3m5!1sPZlTK5JUyw_cic_PdTItXg!2e0!6shttps:%2F%2Fstreetviewpixels-pa.googleapis.com%2Fv1%2Fthumbnail%3Fcb_client%3Dmaps_sv.tactile%26w%3D900%26h%3D600%26pitch%3D0.7419500000000028%26panoid%3DPZlTK5JUyw_cic_PdTItXg%26yaw%3D266.63623!7i13312!8i6656!5m1!1e4?entry=ttu&g_ep=EgoyMDI1MDYzMC4wIKXMDSoASAFQAw%3D%3D	PZlTK5JUyw_cic_PdTItXg	Bhutan	Bhutan	Northern	yes	north	no	no	yes	white rear bumper	yes	Gen3	no	no	no	no	?	left	asphalt	yes	no	no	no	no	no	no	none	none	no	no	no	n/a	no	no	no	no	no	no	no	no	no	no	no	no	n/a	n/a	no	n/a	no	yes	yes	yes	no	no	no	no	no	no	n/a	no	n/a	2013-06-01	yes	2024	Stone block suggests Bhutan		13312	6656	2013-06	266.63623	0.7419500000000028
5	26.7682561, 81.7368999	https://www.google.com/maps/@26.7682561,81.7368999,3a,90y,316.93h,90t/data=!3m7!1e1!3m5!1suT5IwLkMjV3ex7w8haC3Mw!2e0!6shttps:%2F%2Fstreetviewpixels-pa.googleapis.com%2Fv1%2Fthumbnail%3Fcb_client%3Dmaps_sv.tactile%26w%3D900%26h%3D600%26pitch%3D0%26panoid%3DuT5IwLkMjV3ex7w8haC3Mw%26yaw%3D316.9321!7i13312!8i6656!5m1!1e4?entry=ttu&g_ep=EgoyMDI1MDYzMC4wIKXMDSoASAFQAw%3D%3D	uT5IwLkMjV3ex7w8haC3Mw	India	India	Northern	yes	south	yes	no	yes	large circular (?) blur	yes	Shitcam	no	no	no	no	?	left	asphalt	yes	no	no	no	no	no	no	none	none	no	no	no	n/a	no	no	no	no	no	no	no	no	no	no	yes	no	n/a	n/a	no	n/a	no	yes	no	yes	yes	no	yes	yes	yes	no	n/a	no	n/a	2023-05-01	yes	2023	Not much to go off besides camera quality and vegetation.		13312	6656	2023-05	316.9321	0.0
1	61.7400302, 75.6041636	https://www.google.com/maps/@61.7400302,75.6041636,3a,90y,40.97h,90.66t/data=!3m7!1e1!3m5!1sy6ZfDojXWO5nFG8z5UxYaw!2e0!6shttps:%2F%2Fstreetviewpixels-pa.googleapis.com%2Fv1%2Fthumbnail%3Fcb_client%3Dmaps_sv.tactile%26w%3D900%26h%3D600%26pitch%3D-0.6563799999999986%26panoid%3Dy6ZfDojXWO5nFG8z5UxYaw%26yaw%3D40.967175!7i16384!8i8192?entry=ttu&g_ep=EgoyMDI1MDgxNy4wIKXMDSoASAFQAw%3D%3D	y6ZfDojXWO5nFG8z5UxYaw	Russia	Russia	Northern	yes	south	yes	no	yes	red car and shadow	yes	Gen4	yes	no	yes	yes	right	right	asphalt	yes	yes	yes	no	no	yes	no	none	solid white, dotted white	yes	no	no	n/a	no	no	no	yes	yes	yes	no	yes	yes	no	yes	no	n/a	n/a	no	n/a	no	yes	no	yes	yes	no	yes	yes	yes	no	n/a	yes	Cyrillic	2021-07-01	yes	2021	Russian crosswalk sign	https://www.geoguessr.com/challenge/nPBhgHzPCL79VRQ6	16384	8192	2021-07	40.967175	-0.6563799999999986
2	-13.8146843, -70.4834188	https://www.google.com/maps/@-13.8146843,-70.4834188,3a,90y,195.42h,89.11t/data=!3m7!1e1!3m5!1sIZRh-q3Y3F3vYTvKpscQZQ!2e0!6shttps:%2F%2Fstreetviewpixels-pa.googleapis.com%2Fv1%2Fthumbnail%3Fcb_client%3Dmaps_sv.tactile%26w%3D900%26h%3D600%26pitch%3D0.8932199999999995%26panoid%3DIZRh-q3Y3F3vYTvKpscQZQ%26yaw%3D195.42125!7i16384!8i8192?entry=ttu&g_ep=EgoyMDI1MDgxOC4wIKXMDSoASAFQAw%3D%3D	IZRh-q3Y3F3vYTvKpscQZQ	Peru	Peru	Southern	yes	south	no	no	yes	reddish blur	yes	Gen4	no	no	no	yes	right	right	asphalt	yes	no	yes	yes	no	no	no	solid white	double yellow	yes	yes	yes	black on yellow	no	no	no	yes	yes	yes	yes	no	no	no	no	no	n/a	n/a	no	n/a	no	yes	yes	yes	no	no	no	no	no	no	n/a	yes	"Spanish (""ING MIGUEL"", ""2023"", etc)"	2022-08-01	yes	2023	Peruvian signposts		16384	8192	2022-08	195.42125	0.8932199999999995
3	55.4335892, 11.5568774	https://www.google.com/maps/@55.4335892,11.5568774,3a,90y,21.79h,92.06t/data=!3m7!1e1!3m5!1seVNzZQybNdcnM2_5asgDuQ!2e0!6shttps:%2F%2Fstreetviewpixels-pa.googleapis.com%2Fv1%2Fthumbnail%3Fcb_client%3Dmaps_sv.tactile%26w%3D900%26h%3D600%26pitch%3D-2.06447%26panoid%3DeVNzZQybNdcnM2_5asgDuQ%26yaw%3D21.789259!7i16384!8i8192?entry=ttu&g_ep=EgoyMDI1MDgxOC4wIKXMDSoASAFQAw%3D%3D	eVNzZQybNdcnM2_5asgDuQ	Denmark	Denmark	Northern	yes	south	yes	no	yes	bluish blur	yes	Gen4	yes	no	yes	yes	right	right	cobble stones, asphalt	yes	yes	no	no	no	yes	yes	none	none	no	yes	no	n/a	no	no	no	yes	yes	yes	no	yes	yes	yes	no	yes	.dk	LETOLEASING.DK	yes	61, 60, 57, 20	no	yes	no	no	no	no	yes	yes	yes	no	n/a	yes	Lots of Danish	2021-10-01	yes	2023	Danish language and domain name		16384	8192	2021-10	21.789259	-2.06447
4	20.1553594, -100.2923647	https://www.google.com/maps/@20.1553594,-100.2923647,3a,90y,13.83h,87.42t/data=!3m7!1e1!3m5!1sV6aI6a-Qdvnni1WU56DGrA!2e0!6shttps:%2F%2Fstreetviewpixels-pa.googleapis.com%2Fv1%2Fthumbnail%3Fcb_client%3Dmaps_sv.tactile%26w%3D900%26h%3D600%26pitch%3D2.584059999999994%26panoid%3DV6aI6a-Qdvnni1WU56DGrA%26yaw%3D13.829121!7i16384!8i8192?entry=ttu&g_ep=EgoyMDI1MDgxOC4wIKXMDSoASAFQAw%3D%3D	V6aI6a-Qdvnni1WU56DGrA	Mexico	Mexico	Northern	yes	south	yes	no	yes	whitish blur and shadow	yes	Gen4	yes	no	yes	yes	right	right	asphalt	yes	no	yes	yes	no	no	no	solid white, dashed white	solid yellow	yes	yes	no	n/a	no	no	no	no	yes	yes	yes	no	no	no	yes	no	n/a	n/a	no	n/a	no	yes	yes	yes	yes	no	yes	yes	no	no	n/a	no	n/a	2024-12-01	yes	2025	Mexican poles and cacti		16384	8192	2024-12	13.829121	2.584059999999994
5	34.1677981, -80.0618119	https://www.google.com/maps/@34.1677981,-80.0618119,3a,90y,322.23h,89.79t/data=!3m7!1e1!3m5!1sklBRoTnzRWgmonEiFNiiuQ!2e0!6shttps:%2F%2Fstreetviewpixels-pa.googleapis.com%2Fv1%2Fthumbnail%3Fcb_client%3Dmaps_sv.tactile%26w%3D900%26h%3D600%26pitch%3D0.20956999999999937%26panoid%3DklBRoTnzRWgmonEiFNiiuQ%26yaw%3D322.2338!7i16384!8i8192?entry=ttu&g_ep=EgoyMDI1MDgxOC4wIKXMDSoASAFQAw%3D%3D	klBRoTnzRWgmonEiFNiiuQ	United States of America	United States of America	Northern	yes	south	yes	no	yes	reddish blur and shadow	yes	Gen4	yes	no	yes	yes	right	right	asphalt	yes	yes	yes	no	no	yes	yes	none, solid white	double solid yellow	yes	no	no	n/a	no	no	yes	yes	yes	yes	no	no	no	yes	yes	no	n/a	n/a	no	843 (unreadable without moving)	yes	yes	no	yes	no	no	yes	yes	no	no	n/a	yes	"English (""DOLLAR GENERAL"", etc.)"	2022-01-01	yes	2022	Green street signs, not black as in other parts of South Carolina		16384	8192	2022-01	322.2338	0.20956999999999937
1	55.1381929, 10.249189	https://www.google.com/maps/@55.1381929,10.249189,3a,90y,135.25h,88.83t/data=!3m7!1e1!3m5!1sRLfXfAy34uqhoPIdTTPOQw!2e0!6shttps:%2F%2Fstreetviewpixels-pa.googleapis.com%2Fv1%2Fthumbnail%3Fcb_client%3Dmaps_sv.tactile%26w%3D900%26h%3D600%26pitch%3D1.1704000000000008%26panoid%3DRLfXfAy34uqhoPIdTTPOQw%26yaw%3D135.25494!7i16384!8i8192?entry=ttu&g_ep=EgoyMDI1MDgxOC4wIKXMDSoASAFQAw%3D%3D	RLfXfAy34uqhoPIdTTPOQw	Denmark	Denmark	Northern	yes	south	yes	no	yes	bluish blur and shadow	yes	Gen4	yes	no	yes	no	?	right	asphalt	yes	no	no	no	no	no	no	none	none	no	yes	no	n/a	no	no	no	yes	yes	yes	no	no	no	no	yes	no	n/a	n/a	no	n/a	yes	yes	yes	yes	no	no	yes	yes	no	yes	Crows	yes	"""P"" on parking sign"	2019-08-01	yes	2019	Danish bollards and architecture	https://www.geoguessr.com/challenge/jirSvhuvaKxNa4Tb	16384	8192	2019-08	135.25494	1.1704000000000008
2	52.0241702, 12.7398793	https://www.google.com/maps/@52.0241702,12.7398793,3a,90y,153.6h,90t/data=!3m7!1e1!3m5!1s84MEVGuCyah6RynLodKI4w!2e0!6shttps:%2F%2Fstreetviewpixels-pa.googleapis.com%2Fv1%2Fthumbnail%3Fcb_client%3Dmaps_sv.tactile%26w%3D900%26h%3D600%26pitch%3D0%26panoid%3D84MEVGuCyah6RynLodKI4w%26yaw%3D153.60007!7i16384!8i8192?entry=ttu&g_ep=EgoyMDI1MDgxOS4wIKXMDSoASAFQAw%3D%3D	84MEVGuCyah6RynLodKI4w	Germany	Germany	Northern	yes	south	yes	no	yes	bluish blur	yes	Gen4	yes	no	no	yes	right	right	asphalt	yes	yes	no	no	no	no	no	none	none	yes	no	no	n/a	no	no	no	yes	yes	yes	no	no	no	no	yes	no	n/a	n/a	no	n/a	no	yes	no	yes	yes	no	yes	yes	no	yes	birds	yes	"""30"" on speed limit sign"	2022-07-01	yes	2023	Difficult round. Blue wheelie bins. Alternating hook-shaped insulators on poles are not Latvian.		16384	8192	2022-07	153.60007	0.0
3	29.3291566, 76.2940815	https://www.google.com/maps/@29.3291566,76.2940815,3a,90y,140.92h,90.72t/data=!3m7!1e1!3m5!1soNjMC6CVMdRN16Ygs_6Cog!2e0!6shttps:%2F%2Fstreetviewpixels-pa.googleapis.com%2Fv1%2Fthumbnail%3Fcb_client%3Dmaps_sv.tactile%26w%3D900%26h%3D600%26pitch%3D-0.7211759999999998%26panoid%3DoNjMC6CVMdRN16Ygs_6Cog%26yaw%3D140.924!7i13312!8i6656?entry=ttu&g_ep=EgoyMDI1MDgxOS4wIKXMDSoASAFQAw%3D%3D	oNjMC6CVMdRN16Ygs_6Cog	India	India	Northern	yes	south	no	no	yes	big squarish blur, clearly a truck	yes	Shitcam	yes	no	yes	yes	left	left	concrete(?)	yes	no	no	no	no	no	no	none	none	yes	no	no	n/a	no	no	no	yes	yes	yes	no	no	no	no	yes	no	n/a	n/a	yes	701, 999, 798, 925, etc.	no	yes	no	yes	no	no	yes	yes	yes	yes	bird to E on powerline	yes	"Many signs with abugida scripts (Devanagari?) and English (""Modicare Distribution Point"")"	2023-07-01	yes	2023	Devanagari script suggests India		13312	6656	2023-07	140.924	-0.7211759999999998
4	50.7538842, 5.7115256	https://www.google.com/maps/@50.7538842,5.7115256,3a,90y,219.89h,90.5t/data=!3m7!1e1!3m5!1sZ68rxAcONqJLc3XmaJ4KLA!2e0!6shttps:%2F%2Fstreetviewpixels-pa.googleapis.com%2Fv1%2Fthumbnail%3Fcb_client%3Dmaps_sv.tactile%26w%3D900%26h%3D600%26pitch%3D-0.5001800000000003%26panoid%3DZ68rxAcONqJLc3XmaJ4KLA%26yaw%3D219.892!7i13312!8i6656?entry=ttu&g_ep=EgoyMDI1MDgyNC4wIKXMDSoASAFQAw%3D%3D	Z68rxAcONqJLc3XmaJ4KLA	Belgium	Belgium	Northern	yes	south	yes	no	yes	reddish blur with antenna	yes	Gen3	yes	no	yes	yes	right	right	asphalt	yes	yes	yes	no	no	no	yes	solid white	solid white, dashed white	yes	yes	yes	red on white	no	no	no	yes	no	yes	no	no	no	no	yes	no	n/a	n/a	no	n/a	no	yes	no	yes	no	no	yes	yes	no	no	n/a	yes	Too far away to read	2019-09-01	yes	2020	Bollard and chevrons indicate Belgium		13312	6656	2019-09	219.892	-0.5001800000000003
5	-1.0335134, -79.4589786	https://www.google.com/maps/@-1.0335134,-79.4589786,3a,90y,30.04h,89.52t/data=!3m7!1e1!3m5!1s-z7WYXjXkmMYCePpBVfvIA!2e0!6shttps:%2F%2Fstreetviewpixels-pa.googleapis.com%2Fv1%2Fthumbnail%3Fcb_client%3Dmaps_sv.tactile%26w%3D900%26h%3D600%26pitch%3D0.4789999999999992%26panoid%3D-z7WYXjXkmMYCePpBVfvIA%26yaw%3D30.04187!7i13312!8i6656?entry=ttu&g_ep=EgoyMDI1MDgyNC4wIKXMDSoASAFQAw%3D%3D	-z7WYXjXkmMYCePpBVfvIA	Ecuador	Ecuador	Southern	yes	north	yes	no	yes	reddish blur with stubby antenna	yes	Gen3	yes	no	yes	yes	right	right	asphalt	yes	yes	yes	yes	no	yes	no	solid white, dashed white	double dashed yellow	yes	no	no	n/a	no	yes	yes	yes	yes	yes	no	no	no	yes	yes	no	n/a	n/a	no	n/a	no	yes	no	yes	yes	no	yes	yes	yes	no	n/a	yes	Signs, grafitti in Spanish	2015-05-01	yes	2019	Poles, license plates, and antenna on Google car all point to Ecuador, but dashed yellow lines are surprising		13312	6656	2015-05	30.04187	0.4789999999999992
1	36.1425008, 138.4391577	https://www.google.com/maps/@36.1425008,138.4391577,3a,90y,83.71h,88.84t/data=!3m7!1e1!3m5!1swy8Eg-AwYvofcs3R_jYE4Q!2e0!6shttps:%2F%2Fstreetviewpixels-pa.googleapis.com%2Fv1%2Fthumbnail%3Fcb_client%3Dmaps_sv.tactile%26w%3D900%26h%3D600%26pitch%3D1.1622100000000017%26panoid%3Dwy8Eg-AwYvofcs3R_jYE4Q%26yaw%3D83.7051!7i16384!8i8192?entry=ttu&g_ep=EgoyMDI1MDgyNC4wIKXMDSoASAFQAw%3D%3D	wy8Eg-AwYvofcs3R_jYE4Q	Japan	Japan	Northern	no	?	yes	no	yes	whitish blur	yes	Gen4	no	no	no	no	?	left	asphalt	yes	no	no	no	no	no	no	none	none	yes	no	no	n/a	no	no	no	no	no	no	no	no	no	no	yes	no	n/a	n/a	no	n/a	no	yes	yes	no	yes	no	yes	yes	no	no	n/a	no	n/a	2024-07-01	yes	2024	Poles point to Japan, but no reflector band	https://www.geoguessr.com/challenge/801HLyqivCMkL5AN	16384	8192	2024-07	83.7051	1.1622100000000017
2	51.963647, 10.5814124	https://www.google.com/maps/@51.963647,10.5814124,3a,90y,205.04h,89.38t/data=!3m7!1e1!3m5!1sjaDokRk8H_MTZv1gG47ekA!2e0!6shttps:%2F%2Fstreetviewpixels-pa.googleapis.com%2Fv1%2Fthumbnail%3Fcb_client%3Dmaps_sv.tactile%26w%3D900%26h%3D600%26pitch%3D0.6201499999999953%26panoid%3DjaDokRk8H_MTZv1gG47ekA%26yaw%3D205.04118!7i16384!8i8192?entry=ttu&g_ep=EgoyMDI1MDgyNS4wIKXMDSoASAFQAw%3D%3D	jaDokRk8H_MTZv1gG47ekA	Germany	Germany	Northern	yes	south	no	no	yes	bluish blur with stubby antenna	yes	Gen4	yes	no	yes	yes	right	right	asphalt	yes	yes	no	no	no	yes	yes	none	none	yes	no	no	n/a	no	no	no	yes	no	yes	no	no	no	no	yes	no	n/a	n/a	no	n/a	yes	yes	yes	yes	no	no	yes	yes	no	no	n/a	yes	"House number ""7"" "	2022-09-01	yes	2023	Tricky round with not many clues, mainly just architecture		16384	8192	2022-09	205.04118	0.6201499999999953
3	-22.317616, -68.9241558	https://www.google.com/maps/@-22.317616,-68.9241558,3a,90y,187.7h,83.64t/data=!3m7!1e1!3m5!1sMN1nPwouDZiCZf0Ff98Jjg!2e0!6shttps:%2F%2Fstreetviewpixels-pa.googleapis.com%2Fv1%2Fthumbnail%3Fcb_client%3Dmaps_sv.tactile%26w%3D900%26h%3D600%26pitch%3D6.364369999999994%26panoid%3DMN1nPwouDZiCZf0Ff98Jjg%26yaw%3D187.69519!7i13312!8i6656?entry=ttu&g_ep=EgoyMDI1MDgzMC4wIKXMDSoASAFQAw%3D%3D	MN1nPwouDZiCZf0Ff98Jjg	Chile	Chile	Southern	yes	north	yes	no	yes	white bumper, shadow	yes	Gen3	yes	no	yes	yes	right	right	asphalt	yes	no	yes	no	no	no	no	solid white	none	yes	no	no	n/a	no	no	yes	yes	yes	yes	yes	no	no	no	yes	no	n/a	n/a	no	n/a	no	yes	yes	yes	no	no	yes	yes	no	no	n/a	yes	"Spanish ""Falalidad cero"", ""CALLE CERRADA"""	2012-08-01	yes	2020	Interesting striped poles and signpost bottoms, distinctive ridge of Antofagasta.		13312	6656	2012-08	187.69519	6.364369999999994
4	28.2126041, -177.373245	https://www.google.com/maps/@28.2126041,-177.373245,3a,90y,342.36h,87.18t/data=!3m7!1e1!3m5!1sgZ5-LXUxmaw0BBQXNG5WCA!2e0!6shttps:%2F%2Fstreetviewpixels-pa.googleapis.com%2Fv1%2Fthumbnail%3Fcb_client%3Dmaps_sv.tactile%26w%3D900%26h%3D600%26pitch%3D2.8207239999999985%26panoid%3DgZ5-LXUxmaw0BBQXNG5WCA%26yaw%3D342.36307!7i13312!8i6656?entry=ttu&g_ep=EgoyMDI1MDgzMC4wIKXMDSoASAFQAw%3D%3D	gZ5-LXUxmaw0BBQXNG5WCA	United States Minor Outlying Islands	United States of America	Northern	yes	south	yes	no	yes	circular blur	yes	Gen2	no	no	no	no	?	right	asphalt	yes	no	no	no	no	no	no	none	none	no	no	no	n/a	no	no	no	yes	no	yes	no	no	no	no	no	no	n/a	n/a	no	n/a	no	yes	no	yes	no	no	yes	yes	no	yes	Many birds sitting on the road	yes	"English ""MIDWAY MALL"""	2012-06-01	yes	2012	Albatrosses indicate Midway Atoll.		13312	6656	2012-06	342.36307	2.8207239999999985
5	33.111073, -108.9564391	https://www.google.com/maps/@33.111073,-108.9564391,3a,90y,178.99h,90.43t/data=!3m7!1e1!3m5!1sFxOayuDYuE8gxGadi0tLmQ!2e0!6shttps:%2F%2Fstreetviewpixels-pa.googleapis.com%2Fv1%2Fthumbnail%3Fcb_client%3Dmaps_sv.tactile%26w%3D900%26h%3D600%26pitch%3D-0.42851000000000283%26panoid%3DFxOayuDYuE8gxGadi0tLmQ%26yaw%3D178.99016!7i13312!8i6656?entry=ttu&g_ep=EgoyMDI1MDkwMy4wIKXMDSoASAFQAw%3D%3D	FxOayuDYuE8gxGadi0tLmQ	United States of America	United States of America	Northern	yes	south	yes	yes	yes	whitish blur	yes	Gen3	no	no	no	yes	right	right	gravel	yes	no	no	no	no	no	no	none	none	no	no	no	n/a	no	no	no	yes	no	yes	no	no	no	no	yes	no	n/a	n/a	no	n/a	no	yes	yes	yes	no	no	yes	yes	no	no	n/a	no	n/a	2014-05-01	yes	2025	Style of road sign and fences says USA.		13312	6656	2014-05	178.99016	-0.42851000000000283
1	25.9346388, 56.063268	https://www.google.com/maps/@25.9346388,56.063268,3a,90y,57.68h,91.33t/data=!3m7!1e1!3m5!1s32T3YcXg9MWuiqdiXV1yWw!2e0!6shttps:%2F%2Fstreetviewpixels-pa.googleapis.com%2Fv1%2Fthumbnail%3Fcb_client%3Dmaps_sv.tactile%26w%3D900%26h%3D600%26pitch%3D-1.330299999999994%26panoid%3D32T3YcXg9MWuiqdiXV1yWw%26yaw%3D57.679546!7i13312!8i6656?entry=ttu&g_ep=EgoyMDI1MDkwMy4wIKXMDSoASAFQAw%3D%3D	32T3YcXg9MWuiqdiXV1yWw	United Arab Emirates	United Arab Emirates	Northern	yes	south	yes	no	yes	reddish blur and shadow	yes	Gen3	yes	no	yes	yes	right	right	asphalt	yes	yes	yes	no	yes	yes	no	solid yellow	dotted white	yes	no	no	n/a	no	no	no	yes	yes	yes	yes	no	no	no	yes	no	n/a	n/a	no	n/a	yes	yes	yes	yes	no	no	yes	yes	yes	no	n/a	yes	"""1533"" on pole to NW, ""80"" and ""60"" on speed limit signs"	2016-12-01	yes	2017	UAE flags, striped curbs, striped signposts, and road lines	https://www.geoguessr.com/challenge/46gpIlRrzDEYm0Ll	13312	6656	2016-12	57.679546	-1.330299999999994
2	41.9933602, 22.9244294	https://www.google.com/maps/@41.9933602,22.9244294,3a,90y,67.88h,95.01t/data=!3m7!1e1!3m5!1sBz3mdodVS-yIEoOeZOcUng!2e0!6shttps:%2F%2Fstreetviewpixels-pa.googleapis.com%2Fv1%2Fthumbnail%3Fcb_client%3Dmaps_sv.tactile%26w%3D900%26h%3D600%26pitch%3D-5.010249999999999%26panoid%3DBz3mdodVS-yIEoOeZOcUng%26yaw%3D67.881645!7i16384!8i8192?entry=ttu&g_ep=EgoyMDI1MDkwNy4wIKXMDSoASAFQAw%3D%3D	Bz3mdodVS-yIEoOeZOcUng	Bulgaria	Bulgaria	Northern	yes	south	yes	no	yes	reddish blur	yes	Gen4	no	no	no	yes	right	right	asphalt	yes	no	yes	no	no	no	no	solid white	solid white	yes	no	no	n/a	no	no	no	yes	yes	yes	yes	no	no	no	yes	no	n/a	n/a	no	n/a	yes	yes	yes	yes	no	no	yes	yes	no	no	n/a	yes	"""200 M"" on sign"	2022-07-01	yes	2022	Flag and guardrails are Bulgarian		16384	8192	2022-07	67.881645	-5.010249999999999
3	13.7868642, 99.4986598	https://www.google.com/maps/@13.7868642,99.4986598,3a,90y,287.89h,89.37t/data=!3m7!1e1!3m5!1sUP4RuQY7fQgB2TvwXe2juw!2e0!6shttps:%2F%2Fstreetviewpixels-pa.googleapis.com%2Fv1%2Fthumbnail%3Fcb_client%3Dmaps_sv.tactile%26w%3D900%26h%3D600%26pitch%3D0.63185%26panoid%3DUP4RuQY7fQgB2TvwXe2juw%26yaw%3D287.88736!7i16384!8i8192?entry=ttu&g_ep=EgoyMDI1MDkxMC4wIKXMDSoASAFQAw%3D%3D	UP4RuQY7fQgB2TvwXe2juw	Thailand	Thailand	Northern	yes	north	yes	yes	yes	bluish blur	yes	Gen4	yes	no	no	yes	left	left	asphalt	yes	no	yes	no	no	no	no	solid white	dashed yellow	yes	no	no	n/a	no	no	no	no	no	no	no	no	no	no	no	no	n/a	n/a	no	n/a	no	yes	yes	yes	no	no	yes	yes	no	no	n/a	no	n/a	2023-05-01	yes	2023	Combination of poles, left-hand drive, and road lines point to Thailand, as does the spirit house		16384	8192	2023-05	287.88736	0.63185
4	18.984215, 100.9325397	https://www.google.com/maps/@18.984215,100.9325397,3a,90y,52.99h,89.66t/data=!3m7!1e1!3m5!1sTC7XoTtk2RuJWdvn1BhbaA!2e0!6shttps:%2F%2Fstreetviewpixels-pa.googleapis.com%2Fv1%2Fthumbnail%3Fcb_client%3Dmaps_sv.tactile%26w%3D900%26h%3D600%26pitch%3D0.34408000000000527%26panoid%3DTC7XoTtk2RuJWdvn1BhbaA%26yaw%3D52.992348!7i16384!8i8192?entry=ttu&g_ep=EgoyMDI1MDkxMC4wIKXMDSoASAFQAw%3D%3D	TC7XoTtk2RuJWdvn1BhbaA	Thailand	Thailand	Northern	yes	north	no	no	yes	bluish blur	yes	Gen4	no	no	no	yes	left	left	asphalt	yes	yes	yes	yes	no	no	no	solid white	solid yellow	yes	yes	yes	black on yellow	no	no	no	yes	yes	yes	no	no	no	no	no	no	n/a	n/a	no	n/a	no	yes	yes	yes	yes	no	yes	yes	no	no	n/a	yes	Far away on yellow sign to NE	2022-09-01	yes	2022	Thai bollards, signposts, poles, etc.		16384	8192	2022-09	52.992348	0.34408000000000527
5	-34.9676016, -71.0302263	https://www.google.com/maps/@-34.9676016,-71.0302263,3a,90y,285.34h,86.39t/data=!3m7!1e1!3m5!1s3jUooGv9LtSP1TyKO_FtcQ!2e0!6shttps:%2F%2Fstreetviewpixels-pa.googleapis.com%2Fv1%2Fthumbnail%3Fcb_client%3Dmaps_sv.tactile%26w%3D900%26h%3D600%26pitch%3D3.608320000000006%26panoid%3D3jUooGv9LtSP1TyKO_FtcQ%26yaw%3D285.33762!7i13312!8i6656?entry=ttu&g_ep=EgoyMDI1MDkxMC4wIKXMDSoASAFQAw%3D%3D	3jUooGv9LtSP1TyKO_FtcQ	Chile	Chile	Southern	yes	north	yes	no	yes	white bumper and blur	yes	Gen3	yes	no	yes	yes	right	right	asphalt	yes	yes	yes	yes	no	no	no	solid white	dashed white	yes	no	no	n/a	no	no	no	yes	no	yes	no	no	no	no	yes	no	n/a	n/a	no	n/a	no	yes	yes	yes	no	no	yes	yes	no	no	n/a	yes	"Far away to WNW, ESE, etc. Says ""RUTA - J55"" but not really readable from this distance"	2013-02-01	yes	2021	All white road lines suggest Chile, as do poles		13312	6656	2013-02	285.33762	3.608320000000006
1	43.7003337, -65.7875749	https://www.google.com/maps/@43.7003337,-65.7875749,3a,90y,46.2h,86.8t/data=!3m7!1e1!3m5!1srUuD8JSGmyiUua-qAZraJg!2e0!6shttps:%2F%2Fstreetviewpixels-pa.googleapis.com%2Fv1%2Fthumbnail%3Fcb_client%3Dmaps_sv.tactile%26w%3D900%26h%3D600%26pitch%3D3.195210000000003%26panoid%3DrUuD8JSGmyiUua-qAZraJg%26yaw%3D46.196194!7i16384!8i8192?entry=ttu&g_ep=EgoyMDI1MDkxMC4wIKXMDSoASAFQAw%3D%3D	rUuD8JSGmyiUua-qAZraJg	Canada	Canada	Northern	yes	south	yes	no	yes	whitish blur	yes	Gen4	yes	no	yes	yes	right	right	asphalt	yes	no	yes	no	no	no	no	solid white	solid yellow next to dashed yellow	yes	yes	no	n/a	no	no	no	yes	yes	yes	no	no	no	no	yes	no	n/a	n/a	no	n/a	yes	yes	yes	yes	yes	no	yes	yes	no	no	n/a	yes	"Signs that say ""MAXIMUM 50"", ""MEMORY"""	2024-09-01	yes	2024	Speed limit sign and signposts are Canadian	https://www.geoguessr.com/challenge/iiEuk9RV3FdpuSwf	16384	8192	2024-09	46.196194	3.195210000000003
2	-8.2055961, 111.5547151	https://www.google.com/maps/@-8.2055961,111.5547151,3a,90y,281.84h,93.71t/data=!3m7!1e1!3m5!1si69KqG-ZRtZdL7VzZ5GM-A!2e0!6shttps:%2F%2Fstreetviewpixels-pa.googleapis.com%2Fv1%2Fthumbnail%3Fcb_client%3Dmaps_sv.tactile%26w%3D900%26h%3D600%26pitch%3D-3.7074599999999975%26panoid%3Di69KqG-ZRtZdL7VzZ5GM-A%26yaw%3D281.83835!7i16384!8i8192?entry=ttu&g_ep=EgoyMDI1MDkxMC4wIKXMDSoASAFQAw%3D%3D	i69KqG-ZRtZdL7VzZ5GM-A	Indonesia	Indonesia	Southern	yes	north	yes	no	yes	whitish blur	yes	Gen4	yes	no	yes	yes	left	left	asphalt	yes	no	yes	no	no	no	no	solid white	long dashed yellow	yes	no	no	n/a	no	no	no	yes	no	yes	yes	no	no	no	no	no	n/a	n/a	no	n/a	no	yes	yes	yes	no	no	no	yes	yes	no	n/a	no	n/a	2025-08-01	yes	2025	Front license plates on motorbike indicate Indonesia, as do poles		16384	8192	2025-08	281.83835	-3.7074599999999975
3	47.5507763, 16.9578516	https://www.google.com/maps/@47.5507763,16.9578516,3a,90y,198.58h,91.85t/data=!3m7!1e1!3m5!1swGkj7Jr5RqsMsLqeTK0Brg!2e0!6shttps:%2F%2Fstreetviewpixels-pa.googleapis.com%2Fv1%2Fthumbnail%3Fcb_client%3Dmaps_sv.tactile%26w%3D900%26h%3D600%26pitch%3D-1.8548799999999943%26panoid%3DwGkj7Jr5RqsMsLqeTK0Brg%26yaw%3D198.57805!7i16384!8i8192?entry=ttu&g_ep=EgoyMDI1MDkxMC4wIKXMDSoASAFQAw%3D%3D	wGkj7Jr5RqsMsLqeTK0Brg	Hungary	Hungary	Northern	yes	south	yes	no	yes	whitish blur with stubby antenna	yes	Gen4	yes	no	no	yes	right	right	asphalt	yes	no	yes	no	no	no	no	none	dashed white	no	no	no	n/a	no	no	no	no	yes	yes	no	no	no	no	yes	no	n/a	n/a	no	n/a	no	yes	no	yes	no	no	no	no	no	no	n/a	no	n/a	2022-06-01	yes	2022	Difficult round, few clues. Poor road quality but not Ukraine.		16384	8192	2022-06	198.57805	-1.8548799999999943
4	49.5106879, 13.2987195	https://www.google.com/maps/@49.5106879,13.2987195,3a,90y,353.26h,90.35t/data=!3m7!1e1!3m5!1snplt0BwM4oLwOOyhwLMZBA!2e0!6shttps:%2F%2Fstreetviewpixels-pa.googleapis.com%2Fv1%2Fthumbnail%3Fcb_client%3Dmaps_sv.tactile%26w%3D900%26h%3D600%26pitch%3D-0.34988400000000297%26panoid%3Dnplt0BwM4oLwOOyhwLMZBA%26yaw%3D353.25653!7i16384!8i8192?entry=ttu&g_ep=EgoyMDI1MDkxMC4wIKXMDSoASAFQAw%3D%3D	nplt0BwM4oLwOOyhwLMZBA	Czech Republic	Czech Republic	Northern	yes	south	yes	no	yes	bluish blur	yes	Gen4	yes	no	yes	yes	right	right	asphalt	yes	no	yes	no	no	no	no	solid white	solid white alongside dashed white	no	yes	no	n/a	no	no	no	yes	yes	yes	yes	no	no	no	no	no	n/a	n/a	no	n/a	no	yes	yes	yes	no	no	yes	yes	yes	no	n/a	yes	Road signs	2022-10-01	yes	2022	Czech bollards, B-type guardrail, highway signs, pinpointable		16384	8192	2022-10	353.25653	-0.34988400000000297
5	37.7661028, 32.3454659	https://www.google.com/maps/@37.7661028,32.3454659,3a,90y,69.45h,89.33t/data=!3m7!1e1!3m5!1sDhxOcTn0F1ELqhnuF9Xl8Q!2e0!6shttps:%2F%2Fstreetviewpixels-pa.googleapis.com%2Fv1%2Fthumbnail%3Fcb_client%3Dmaps_sv.tactile%26w%3D900%26h%3D600%26pitch%3D0.6727750000000015%26panoid%3DDhxOcTn0F1ELqhnuF9Xl8Q%26yaw%3D69.449875!7i13312!8i6656?entry=ttu&g_ep=EgoyMDI1MDkxNy4wIKXMDSoASAFQAw%3D%3D	DhxOcTn0F1ELqhnuF9Xl8Q	Turkey	Turkey	Northern	no	?	no	no	yes	yellowish blur	yes	Gen3	yes	no	yes	yes	right	right	asphalt	yes	yes	yes	no	no	no	no	solid white	dashed white	yes	yes	yes	red on white to E	no	no	yes	yes	yes	yes	yes	no	no	no	yes	no	n/a	n/a	no	n/a	no	yes	yes	yes	no	no	no	no	no	no	n/a	yes	"""Konya"" on sign (city and province), also blurred"	2015-08-01	yes	2019	Turkish bollards, chevron sign, road sign, etc.		13312	6656	2015-08	69.449875	0.6727750000000015
1	48.6993683, -113.7250592	https://www.google.com/maps/@48.6993683,-113.7250592,3a,90y,46.5h,86.75t/data=!3m7!1e1!3m5!1syUP_L4LYC6iBSbR1c0RB-g!2e0!6shttps:%2F%2Fstreetviewpixels-pa.googleapis.com%2Fv1%2Fthumbnail%3Fcb_client%3Dmaps_sv.tactile%26w%3D900%26h%3D600%26pitch%3D3.2532350000000037%26panoid%3DyUP_L4LYC6iBSbR1c0RB-g%26yaw%3D46.4967!7i13312!8i6656?entry=ttu&g_ep=EgoyMDI1MDkxNy4wIKXMDSoASAFQAw%3D%3D	yUP_L4LYC6iBSbR1c0RB-g	United States of America	United States of America	Northern	no	?	yes	no	yes	reddish blur	yes	Gen3	yes	no	yes	yes	right	right	asphalt	yes	yes	yes	no	no	no	no	solid white on right side only	double solid yellow	no	yes	no	n/a	no	no	no	yes	no	yes	no	no	no	no	yes	yes	.com	palomino.com	no	n/a	no	yes	yes	yes	yes	no	no	yes	yes	no	n/a	yes	"""PALOMINO"" on camper, ""Going-to-the-Sun Road Shuttle"" on van"	2015-08-01	yes	2015	USA road lines and license plates	https://www.geoguessr.com/challenge/B7eCexIRSC9cFbnR	13312	6656	2015-08	46.4967	3.2532350000000037
2	63.8048835, -20.3297801	https://www.google.com/maps/@63.8048835,-20.3297801,3a,90y,321.02h,88.94t/data=!3m7!1e1!3m5!1sF2M5dokbNxLmSVDCIDEklA!2e0!6shttps:%2F%2Fstreetviewpixels-pa.googleapis.com%2Fv1%2Fthumbnail%3Fcb_client%3Dmaps_sv.tactile%26w%3D900%26h%3D600%26pitch%3D1.064940000000007%26panoid%3DF2M5dokbNxLmSVDCIDEklA%26yaw%3D321.01907!7i16384!8i8192?entry=ttu&g_ep=EgoyMDI1MDkyNC4wIKXMDSoASAFQAw%3D%3D	F2M5dokbNxLmSVDCIDEklA	Iceland	Iceland	Northern	yes	south	no	no	yes	reddish blur	yes	Gen4	yes	no	yes	yes	right	right	asphalt	yes	no	yes	no	no	no	no	solid white	solid white alongside long dashed white	no	yes	yes	double black on yellow to NNE	yes	no	no	yes	yes	yes	no	no	no	no	yes	no	n/a	n/a	no	n/a	no	yes	yes	yes	no	no	yes	yes	no	no	n/a	yes	"Road signs with ""4 Oddi 266"""	2024-07-01	yes	2024	Many Icelandic bollards, road sign, pinpointable		16384	8192	2024-07	321.01907	1.064940000000007
3	0.3640826, 35.1013615	https://www.google.com/maps/@0.3640826,35.1013615,3a,90y,2.23h,90.66t/data=!3m7!1e1!3m5!1slTJierqtebz9OzX2Fx6UUw!2e0!6shttps:%2F%2Fstreetviewpixels-pa.googleapis.com%2Fv1%2Fthumbnail%3Fcb_client%3Dmaps_sv.tactile%26w%3D900%26h%3D600%26pitch%3D-0.6596899999999977%26panoid%3DlTJierqtebz9OzX2Fx6UUw%26yaw%3D2.2318797!7i16384!8i8192?entry=ttu&g_ep=EgoyMDI1MDkyNC4wIKXMDSoASAFQAw%3D%3D	lTJierqtebz9OzX2Fx6UUw	Kenya	Kenya	Northern	yes	north	yes	yes	yes	Silver pickup truck	yes	Gen4	yes	yes	yes	yes	left	left	asphalt	yes	yes	yes	no	no	no	no	solid white, dashed white	dashed yellow	yes	no	no	n/a	no	no	no	yes	yes	yes	no	yes	no	no	yes	no	n/a	n/a	no	n/a	no	yes	yes	yes	no	no	yes	yes	yes	yes	Birds on powerline to E (far away)	yes	"""VERA BEAUTY SALON"", ""MPESA"", ""BUTCHERY"", ""SEVENTH-DAY ADVENTIST CHURCH"", etc."	2022-05-01	yes	2022	Many MPESA signs and other indications for Kenya		16384	8192	2022-05	2.2318797	-0.6596899999999977
4	48.8667502, 1.3879169	https://www.google.com/maps/@48.8667502,1.3879169,3a,90y,82.21h,100.13t/data=!3m7!1e1!3m5!1s3kF45_PsUuqZ-iTvRIOMGg!2e0!6shttps:%2F%2Fstreetviewpixels-pa.googleapis.com%2Fv1%2Fthumbnail%3Fcb_client%3Dmaps_sv.tactile%26w%3D900%26h%3D600%26pitch%3D-10.129919999999998%26panoid%3D3kF45_PsUuqZ-iTvRIOMGg%26yaw%3D82.20675!7i16384!8i8192?entry=ttu&g_ep=EgoyMDI1MDkyNC4wIKXMDSoASAFQAw%3D%3D	3kF45_PsUuqZ-iTvRIOMGg	France	France	Northern	yes	south	yes	no	yes	Bluish blur	yes	Gen4	no	no	no	yes	right	right	asphalt	yes	no	yes	no	no	no	no	none	dashed white	no	no	no	n/a	no	no	no	yes	no	no	no	no	no	no	yes	no	n/a	n/a	no	n/a	no	yes	no	yes	no	no	no	no	no	no	n/a	no	Sign too far away to read	2019-07-01	yes	2019	Narrow road feels French		16384	8192	2019-07	82.20675	-10.129919999999998
5	25.0722491, 51.1764389	https://www.google.com/maps/@25.0722491,51.1764389,3a,90y,79.25h,91.02t/data=!3m7!1e1!3m5!1sCEssz81op_w8nWXjtL56pg!2e0!6shttps:%2F%2Fstreetviewpixels-pa.googleapis.com%2Fv1%2Fthumbnail%3Fcb_client%3Dmaps_sv.tactile%26w%3D900%26h%3D600%26pitch%3D-1.0157240000000058%26panoid%3DCEssz81op_w8nWXjtL56pg%26yaw%3D79.24967!7i16384!8i8192?entry=ttu&g_ep=EgoyMDI1MDkyNC4wIKXMDSoASAFQAw%3D%3D	CEssz81op_w8nWXjtL56pg	Qatar	Qatar	Northern	yes	south	yes	no	yes	Whitish blur with white bumper and right-side antenna	yes	Gen4	yes	no	yes	yes	right	right	asphalt	yes	no	yes	no	no	no	no	none	none	yes	no	no	n/a	no	yes	no	yes	yes	yes	no	no	no	no	yes	no	n/a	n/a	no	n/a	no	yes	no	yes	no	no	yes	yes	yes	no	n/a	yes	"Handwritten sign that says ""LAND FENCE"", equipment brand names like ""JCB"" and ""PHOENIX"""	2023-03-01	yes	2023	Google car is distinctive to Qatar		16384	8192	2023-03	79.24967	-1.0157240000000058
1	66.2313914, 20.870746	https://www.google.com/maps/@66.2313914,20.870746,3a,90y,327.05h,90.57t/data=!3m7!1e1!3m5!1sjLIk3C7yx4acbb8LZgWG3A!2e0!6shttps:%2F%2Fstreetviewpixels-pa.googleapis.com%2Fv1%2Fthumbnail%3Fcb_client%3Dmaps_sv.tactile%26w%3D900%26h%3D600%26pitch%3D-0.570769999999996%26panoid%3DjLIk3C7yx4acbb8LZgWG3A%26yaw%3D327.04514!7i16384!8i8192?entry=ttu&g_ep=EgoyMDI1MDkyNC4wIKXMDSoASAFQAw%3D%3D	jLIk3C7yx4acbb8LZgWG3A	Sweden	Sweden	Northern	yes	south	yes	yes	yes	Whitish blur	yes	Gen4	yes	no	no	yes	right	right	asphalt	yes	no	yes	no	no	no	no	dashed white (faded)	dashed white, dashed white alongside dashed white	yes	yes	no	n/a	no	no	no	yes	yes	yes	yes	no	no	no	no	no	n/a	n/a	no	n/a	no	yes	yes	yes	yes	yes	yes	yes	no	no	n/a	yes	Writing on signs to SE but too far away to read	2024-05-01	yes	2024	Snowpoles are Swedish (Norwegian has different placement of white band)	https://www.geoguessr.com/challenge/5JHajcJIWxos2e9a	16384	8192	2024-05	327.04514	-0.570769999999996
2	-2.0224395, -48.8089313	https://www.google.com/maps/@-2.0224395,-48.8089313,3a,90y,171.54h,88.36t/data=!3m7!1e1!3m5!1sIhZIPQvvHZgtKGq-csDKww!2e0!6shttps:%2F%2Fstreetviewpixels-pa.googleapis.com%2Fv1%2Fthumbnail%3Fcb_client%3Dmaps_sv.tactile%26w%3D900%26h%3D600%26pitch%3D1.6424200000000013%26panoid%3DIhZIPQvvHZgtKGq-csDKww%26yaw%3D171.54218!7i13312!8i6656?entry=ttu&g_ep=EgoyMDI1MDkyNC4wIKXMDSoASAFQAw%3D%3D	IhZIPQvvHZgtKGq-csDKww	Brazil	Brazil	Southern	yes	north	yes	yes	yes	Whitish blur	yes	Gen3	yes	no	yes	yes	right	right	asphalt	yes	no	yes	yes	no	no	no	faded solid white lines	none	yes	no	no	n/a	no	no	no	yes	yes	yes	no	no	no	no	yes	no	n/a	n/a	no	n/a	no	yes	no	yes	no	no	yes	yes	yes	yes	Bird on power line to ENE, bird soaring to S	yes	"""0106"" on pole to WNW"	2019-08-01	yes	2020	Poles are Brazilian as are black backs of signs		13312	6656	2019-08	171.54218	1.6424200000000013
3	31.5506843, -89.0562928	https://www.google.com/maps/@31.5506843,-89.0562928,3a,90y,167.98h,88.66t/data=!3m7!1e1!3m5!1szGfOLNFvxG7S32Q9cdG2AQ!2e0!6shttps:%2F%2Fstreetviewpixels-pa.googleapis.com%2Fv1%2Fthumbnail%3Fcb_client%3Dmaps_sv.tactile%26w%3D900%26h%3D600%26pitch%3D1.343190000000007%26panoid%3DzGfOLNFvxG7S32Q9cdG2AQ%26yaw%3D167.98007!7i16384!8i8192?entry=ttu&g_ep=EgoyMDI1MTAwMS4wIKXMDSoASAFQAw%3D%3D	zGfOLNFvxG7S32Q9cdG2AQ	United States of America	United States of America	Northern	no	?	yes	no	yes	Whitish blur with red at back	yes	Gen4	yes	no	yes	yes	right	right	asphalt	yes	no	yes	yes	yes	no	no	solid white lines (with rumbles strips)	solid yellow next to dashed yellow, double solid yellow	yes	yes	no	n/a	no	no	no	yes	no	yes	no	no	no	no	yes	no	n/a	n/a	no	n/a	no	yes	yes	yes	no	no	yes	yes	no	no	n/a	no	n/a	2024-05-01	yes	2024	Poles, road lines, house, vehicles all point to USA		16384	8192	2024-05	167.98007	1.343190000000007
4	-16.0451559, -45.2896845	https://www.google.com/maps/@-16.0451559,-45.2896845,3a,90y,281.98h,77.81t/data=!3m7!1e1!3m5!1s5ltBPDBApffS-c6djt88Gw!2e0!6shttps:%2F%2Fstreetviewpixels-pa.googleapis.com%2Fv1%2Fthumbnail%3Fcb_client%3Dmaps_sv.tactile%26w%3D900%26h%3D600%26pitch%3D12.186678641091532%26panoid%3D5ltBPDBApffS-c6djt88Gw%26yaw%3D281.9785064715592!7i16384!8i8192?entry=ttu&g_ep=EgoyMDI1MTAwMS4wIKXMDSoASAFQAw%3D%3D	5ltBPDBApffS-c6djt88Gw	Brazil	Brazil	Southern	yes	north	yes	no	yes	Bluish blur	yes	Gen4	yes	no	no	yes	left	right	dirt	yes	no	no	no	no	no	no	none	none	no	no	no	n/a	no	no	no	no	no	no	no	no	no	no	yes	no	n/a	n/a	no	n/a	no	yes	yes	yes	no	no	no	no	no	no	n/a	no	n/a	2024-03-01	yes	2024	Car seems to lean left, but car and soil points to Brazil		16384	8192	2024-03	281.9785064715592	12.186678641091532
5	46.4311032, 6.9149293	https://www.google.com/maps/@46.4311032,6.9149293,3a,90y,58.5h,92.53t/data=!3m7!1e1!3m5!1sed5L4Ya5OvQfwmBTOHXjzw!2e0!6shttps:%2F%2Fstreetviewpixels-pa.googleapis.com%2Fv1%2Fthumbnail%3Fcb_client%3Dmaps_sv.tactile%26w%3D900%26h%3D600%26pitch%3D-2.5346799999999945%26panoid%3Ded5L4Ya5OvQfwmBTOHXjzw%26yaw%3D58.499737!7i16384!8i8192?entry=ttu&g_ep=EgoyMDI1MTAwMS4wIKXMDSoASAFQAw%3D%3D	ed5L4Ya5OvQfwmBTOHXjzw	Switzerland	Switzerland	Northern	yes	south	yes	no	yes	Big whitish blur	yes	Gen4	yes	no	yes	yes	right	right	asphalt	yes	yes	yes	no	no	yes	yes	none	dashed white, none	yes	yes	no	n/a	no	no	no	yes	yes	yes	no	yes	no	yes	yes	no	n/a	n/a	no	n/a	no	yes	yes	no	no	no	yes	yes	yes	no	n/a	yes	"""Avenue des Planches"", ""Glion Caux"", etc."	2024-08-01	yes	2024	License plates and signs point to Switzerland		16384	8192	2024-08	58.499737	-2.5346799999999945
1	65.551896, 27.1646769	https://www.google.com/maps/@65.551896,27.1646769,3a,90y,190.47h,89.23t/data=!3m7!1e1!3m5!1sMSZrBfwGIg5rSthUww3UzQ!2e0!6shttps:%2F%2Fstreetviewpixels-pa.googleapis.com%2Fv1%2Fthumbnail%3Fcb_client%3Dmaps_sv.tactile%26w%3D900%26h%3D600%26pitch%3D0.7661899999999946%26panoid%3DMSZrBfwGIg5rSthUww3UzQ%26yaw%3D190.46574!7i13312!8i6656?entry=ttu&g_ep=EgoyMDI1MTAwMS4wIKXMDSoASAFQAw%3D%3D	MSZrBfwGIg5rSthUww3UzQ	Finland	Finland	Northern	yes	north	yes	no	yes	Blur of uncertain color	yes	Gen3	no	no	no	yes	right	right	asphalt	yes	no	yes	no	no	no	no	solid white on both sides, solid white on right but dashed white on left	none	yes	yes	no	n/a	no	no	no	yes	no	yes	no	no	no	no	no	no	n/a	n/a	no	n/a	no	yes	yes	yes	yes	no	yes	yes	no	no	n/a	yes	"""PÄRJÄNSUO 4"", ""26 PUDASJÄRVI"", ""LATVA 3"""	2018-05-01	yes	2022	Finnish snow poles, place names, yield sign, directional signs	https://www.geoguessr.com/challenge/WERSNjdAR9L7mdvk	13312	6656	2018-05	190.46574	0.7661899999999946
2	-8.3647771, -74.5862409	https://www.google.com/maps/@-8.3647771,-74.5862409,3a,90y,43.92h,88.85t/data=!3m7!1e1!3m5!1sBTmMbrc11_0r5ZByfvaCZw!2e0!6shttps:%2F%2Fstreetviewpixels-pa.googleapis.com%2Fv1%2Fthumbnail%3Fcb_client%3Dmaps_sv.tactile%26w%3D900%26h%3D600%26pitch%3D1.1523300000000063%26panoid%3DBTmMbrc11_0r5ZByfvaCZw%26yaw%3D43.917347!7i13312!8i6656?entry=ttu&g_ep=EgoyMDI1MTAwMS4wIKXMDSoASAFQAw%3D%3D	BTmMbrc11_0r5ZByfvaCZw	Peru	Peru	Southern	yes	north	yes	yes	yes	White blur with visible white bumper	yes	Gen3	yes	no	no	yes	right	right	gravel	yes	no	no	no	no	no	no	none	none	yes	no	no	n/a	no	no	no	yes	no	yes	no	no	no	no	yes	no	n/a	n/a	no	n/a	no	yes	no	yes	no	no	yes	yes	yes	yes	Chicken to W	yes	Latin alphabet writing on sign to east	2013-06-01	yes	2019	Peruvian poles, tuktuks (mototaxis, auto rickshaw)		13312	6656	2013-06	43.917347	1.1523300000000063
3	49.8178554, -75.095815	https://www.google.com/maps/@49.8178554,-75.095815,3a,90y,89.04h,89.63t/data=!3m7!1e1!3m5!1spgxTH-GD8DziPhmY7pzR-g!2e0!6shttps:%2F%2Fstreetviewpixels-pa.googleapis.com%2Fv1%2Fthumbnail%3Fcb_client%3Dmaps_sv.tactile%26w%3D900%26h%3D600%26pitch%3D0.36942999999999415%26panoid%3DpgxTH-GD8DziPhmY7pzR-g%26yaw%3D89.04185!7i13312!8i6656?entry=ttu&g_ep=EgoyMDI1MTAwMS4wIKXMDSoASAFQAw%3D%3D	pgxTH-GD8DziPhmY7pzR-g	Canada	Canada	Northern	yes	south	yes	no	yes	White and blue blur, giant blur in driving direction	yes	Gen3	yes	no	yes	yes	right	right	asphalt	yes	no	yes	no	no	no	no	solid white	double solid yellow	yes	no	no	n/a	no	no	no	yes	yes	yes	no	no	no	no	no	no	n/a	n/a	no	n/a	no	yes	yes	yes	yes	no	no	no	no	no	n/a	no	n/a	2018-10-01	yes	2019	Québec T-Intersection sign (no checkerboard pattern)		13312	6656	2018-10	89.04185	0.36942999999999415
4	8.3576046, 98.7838311	https://www.google.com/maps/@8.3576046,98.7838311,3a,90y,176.31h,87.39t/data=!3m7!1e1!3m5!1sioVsDWOs0aelA0jZAThCCQ!2e0!6shttps:%2F%2Fstreetviewpixels-pa.googleapis.com%2Fv1%2Fthumbnail%3Fcb_client%3Dmaps_sv.tactile%26w%3D900%26h%3D600%26pitch%3D2.607833999999997%26panoid%3DioVsDWOs0aelA0jZAThCCQ%26yaw%3D176.30591!7i16384!8i8192?entry=ttu&g_ep=EgoyMDI1MTAwMS4wIKXMDSoASAFQAw%3D%3D	ioVsDWOs0aelA0jZAThCCQ	Thailand	Thailand	Northern	yes	south	no	no	yes	Whitish blur	yes	Gen4	no	no	no	no	?	left	asphalt	yes	no	yes	no	no	no	no	solid white on left, solid yellow on right	dashed white	yes	no	no	n/a	no	no	no	yes	no	yes	no	no	no	no	no	no	n/a	n/a	no	n/a	no	yes	yes	yes	no	no	no	no	no	no	n/a	yes	Thai abugida on sign	2023-11-01	yes	2023	Thai abugida on sign		16384	8192	2023-11	176.30591	2.607833999999997
5	-51.6474944,-72.5374241	https://www.google.com/maps/@-51.6474944,-72.5374241,3a,90y,355.62h,88.15t/data=!3m7!1e1!3m5!1s9_oxqujqjKxLPxrKVbeCUQ!2e0!6shttps:%2F%2Fstreetviewpixels-pa.googleapis.com%2Fv1%2Fthumbnail%3Fcb_client%3Dmaps_sv.tactile%26w%3D900%26h%3D600%26pitch%3D1.8451299999999975%26panoid%3D9_oxqujqjKxLPxrKVbeCUQ%26yaw%3D355.6208!7i13312!8i6656?entry=ttu&g_ep=EgoyMDI1MTAwNy4wIKXMDSoASAFQAw%3D%3D	9_oxqujqjKxLPxrKVbeCUQ	Chile	Chile	Southern	yes	north	no	no	yes	Whitish blur with blue and white rear bumper	yes	Gen3	no	no	no	yes	right	right	concrete	yes	no	yes	no	no	no	no	solid yellow	dashed yellow	no	yes	no	n/a	yes	no	no	yes	no	yes	no	no	no	no	yes	no	n/a	n/a	no	n/a	no	yes	yes	yes	yes	no	yes	yes	no	no	n/a	yes	"""25"" on fencepost sign to W, faraway writing on green roadsign to N"	2014-12-01	yes	2019	Landscape looks like Tierra del Fuego, all-yellow lines indicate Chile		13312	6656	2014-12	355.6208	1.8451299999999975
1	47.6525517, 17.8378533	https://www.google.com/maps/@47.6525517,17.8378533,3a,90y,84.67h,90.86t/data=!3m7!1e1!3m5!1sPPNeyoOcynnD3IZsCXlrAg!2e0!6shttps:%2F%2Fstreetviewpixels-pa.googleapis.com%2Fv1%2Fthumbnail%3Fcb_client%3Dmaps_sv.tactile%26w%3D900%26h%3D600%26pitch%3D-0.8614000000000033%26panoid%3DPPNeyoOcynnD3IZsCXlrAg%26yaw%3D84.66505!7i13312!8i6656?entry=ttu&g_ep=EgoyMDI1MTAwOC4wIKXMDSoASAFQAw%3D%3D	PPNeyoOcynnD3IZsCXlrAg	Hungary	Hungary	Northern	yes	south	yes	no	yes	Whitish blur with small antenna	yes	Gen3	no	no	no	yes	right	right	asphalt	yes	no	yes	no	no	no	no	none	dashed white	yes	no	no	n/a	no	no	no	no	no	no	no	no	no	no	no	no	n/a	n/a	no	n/a	no	yes	yes	yes	no	no	yes	yes	yes	no	n/a	no	n/a	2018-05-01	yes	2018	Difficult round, not many clues	https://www.geoguessr.com/challenge/N2LZM4U9PEiSUeh3	13312	6656	2018-05	84.66505	-0.8614000000000033
2	-31.2773277, -71.184851	https://www.google.com/maps/@-31.2773277,-71.184851,3a,90y,216.85h,87.35t/data=!3m7!1e1!3m5!1sOE9z_IdbtBnMjYObl8uyUA!2e0!6shttps:%2F%2Fstreetviewpixels-pa.googleapis.com%2Fv1%2Fthumbnail%3Fcb_client%3Dmaps_sv.tactile%26w%3D900%26h%3D600%26pitch%3D2.6482500000000044%26panoid%3DOE9z_IdbtBnMjYObl8uyUA%26yaw%3D216.84912!7i16384!8i8192?entry=ttu&g_ep=EgoyMDI1MTAwOC4wIKXMDSoASAFQAw%3D%3D	OE9z_IdbtBnMjYObl8uyUA	Chile	Chile	Southern	yes	north	yes	no	yes	Whitish blur with blue front	yes	Gen4	no	no	no	yes	right	right	asphalt	yes	yes	yes	yes	no	no	no	solid white, dashed white	solid white	yes	no	no	n/a	no	no	no	yes	yes	yes	yes	no	no	no	yes	no	n/a	n/a	no	n/a	yes	yes	yes	yes	no	no	yes	yes	no	no	n/a	yes	"Spanish on sign to NNW ""BIENVENIDOS PARQUE HACIENDA EL DURAZNO"", sign to W ""SE VENDEN QUESOS"""	2023-10-01	yes	2024	Chilean poles		16384	8192	2023-10	216.84912	2.6482500000000044
